Date,Open,High,Low,Close,Volume
2017-05-04,806000,823000,803000,823000,87939
2017-05-02,800000,807000,790000,801000,106095
2017-04-28,791000,803000,791000,800000,112219
2017-04-27,796000,800000,785000,791000,155343
2017-04-26,815000,816000,804000,807000,114079
2017-04-25,815000,815000,803000,815000,94751
2017-04-24,811000,813000,805000,810000,75884
2017-04-21,801000,813000,796000,813000,79983
2017-04-20,785000,800000,781000,796000,70196
2017-04-19,778000,785000,777000,777000,60178
2017-04-18,791000,791000,777000,778000,51170
2017-04-17,780000,793000,773000,785000,38198
2017-04-14,798000,811000,786000,787000,59647
2017-04-13,773000,803000,770000,802000,151807
2017-04-12,773000,777000,757000,768000,182745
2017-04-11,810000,811000,767000,770000,243306
2017-04-10,823000,828000,811000,818000,70283
2017-04-07,837000,842000,825000,828000,56184
2017-04-06,838000,840000,826000,840000,70529
2017-04-05,857000,859000,835000,843000,96625
2017-04-04,868000,869000,846000,850000,59105
2017-04-03,855000,878000,843000,873000,54851
2017-03-31,861000,870000,854000,855000,49878
2017-03-30,865000,874000,856000,861000,54210
2017-03-29,859000,865000,854000,864000,47772
2017-03-28,885000,886000,851000,853000,82251
2017-03-27,865000,892000,865000,885000,60305
2017-03-24,864000,880000,864000,872000,53539
2017-03-23,860000,872000,851000,864000,65379
2017-03-22,870000,871000,846000,849000,79059
2017-03-21,828000,872000,825000,871000,146775
2017-03-20,830000,830000,810000,818000,40544
2017-03-17,825000,833000,819000,827000,58949
2017-03-16,834000,835000,817000,819000,53246
2017-03-15,817000,826000,810000,820000,40736
2017-03-14,827000,833000,811000,815000,79812
2017-03-13,800000,833000,799000,826000,83355
2017-03-10,789000,802000,783000,800000,48852
2017-03-09,801000,806000,789000,789000,67905
2017-03-08,798000,807000,791000,800000,56326
2017-03-07,800000,806000,794000,799000,47402
2017-03-06,810000,817000,795000,800000,57966
2017-03-03,816000,839000,794000,809000,98180
2017-03-02,799000,819000,790000,815000,149667
2017-02-28,794000,800000,776000,776000,97264
2017-02-27,800000,807000,792000,796000,33870
2017-02-24,803000,807000,793000,803000,63693
2017-02-23,805000,815000,804000,808000,96698
2017-02-22,788000,800000,786000,797000,103328
2017-02-21,778000,793000,776000,790000,91283
2017-02-20,773000,784000,772000,781000,70713
2017-02-17,773000,785000,772000,780000,93928
2017-02-16,770000,777000,769000,777000,71296
2017-02-15,769000,777000,768000,773000,60801
2017-02-14,785000,790000,766000,770000,119662
2017-02-13,800000,803000,788000,795000,54779
2017-02-10,795000,795000,787000,795000,55917
2017-02-09,788000,796000,783000,787000,98380
2017-02-08,799000,799000,791000,795000,77503
2017-02-07,778000,802000,775000,800000,100473
2017-02-06,781000,781000,772000,779000,68253
2017-02-03,770000,776000,767000,774000,55193
2017-02-02,776000,780000,770000,772000,107351
2017-02-01,761000,774000,760000,771000,92507
2017-01-31,750000,767000,743000,758000,125773
2017-01-26,751000,763000,736000,753000,252996
2017-01-25,763000,768000,760000,763000,102115
2017-01-24,771000,771000,760000,761000,92803
2017-01-23,778000,779000,763000,771000,89943
2017-01-20,797000,798000,785000,785000,69794
2017-01-19,787000,806000,787000,801000,67768
2017-01-18,800000,800000,787000,788000,52333
2017-01-17,787000,797000,782000,795000,50392
2017-01-16,792000,801000,774000,794000,55037
2017-01-13,802000,805000,787000,790000,66754
2017-01-12,799000,815000,796000,802000,56285
2017-01-11,786000,802000,786000,796000,48675
2017-01-10,787000,793000,779000,792000,46498
2017-01-09,791000,799000,777000,779000,72543
2017-01-06,791000,801000,786000,799000,45649
2017-01-05,810000,810000,791000,791000,68552
2017-01-04,775000,810000,771000,810000,120114
2017-01-03,777000,777000,767000,767000,45676
2017-01-02,778000,787000,775000,777000,30729
2016-12-29,758000,777000,754000,775000,56249
2016-12-28,785000,785000,763000,763000,57617
2016-12-27,766000,773000,763000,772000,31942
2016-12-26,766000,773000,765000,765000,20488
2016-12-23,771000,777000,762000,768000,48179
2016-12-22,779000,786000,767000,773000,55789
2016-12-21,795000,797000,779000,779000,43841
2016-12-20,800000,802000,785000,787000,56725
2016-12-19,801000,806000,796000,800000,40079
2016-12-16,797000,806000,789000,806000,86949
2016-12-15,785000,794000,784000,786000,64098
2016-12-14,793000,796000,781000,785000,48724
2016-12-13,794000,795000,782000,786000,57255
2016-12-12,804000,808000,788000,792000,38095
2016-12-09,804000,814000,796000,800000,82184
2016-12-08,756000,804000,756000,804000,129901
2016-12-07,757000,762000,749000,750000,52855
2016-12-06,774000,778000,750000,756000,94318
2016-12-05,749000,769000,744000,764000,75349
2016-12-02,777000,777000,754000,755000,73404
2016-12-01,790000,798000,764000,764000,100280
2016-11-30,802000,810000,786000,798000,150476
2016-11-29,802000,815000,801000,801000,56618
2016-11-28,802000,815000,792000,808000,74648
2016-11-25,810000,817000,802000,805000,55481
2016-11-24,789000,805000,783000,802000,70306
2016-11-23,795000,809000,792000,795000,75475
2016-11-22,788000,813000,787000,810000,105319
2016-11-21,771000,799000,759000,786000,147200
2016-11-18,760000,773000,750000,771000,144010
2016-11-17,748000,755000,743000,745000,99302
2016-11-16,751000,759000,741000,751000,154824
2016-11-15,746000,762000,739000,744000,120426
2016-11-14,760000,779000,746000,746000,129099
2016-11-11,781000,790000,757000,760000,213609
2016-11-10,816000,819000,801000,806000,82498
2016-11-09,826000,827000,784000,805000,124338
2016-11-08,829000,838000,811000,815000,60029
2016-11-07,798000,829000,795000,820000,95346
2016-11-04,808000,810000,785000,789000,100206
2016-11-03,826000,826000,812000,812000,68236
2016-11-02,849000,850000,823000,826000,64826
2016-11-01,860000,860000,832000,847000,48812
2016-10-31,858000,866000,847000,857000,66135
2016-10-28,871000,876000,855000,860000,64399
2016-10-27,863000,883000,853000,859000,174148
2016-10-26,827000,852000,827000,848000,69686
2016-10-25,825000,843000,825000,837000,85757
2016-10-24,826000,836000,826000,833000,57957
2016-10-21,838000,840000,829000,831000,60485
2016-10-20,830000,845000,826000,844000,67366
2016-10-19,841000,845000,823000,829000,80232
2016-10-18,854000,858000,838000,846000,72985
2016-10-17,842000,857000,833000,851000,65473
2016-10-14,831000,849000,831000,844000,56168
2016-10-13,859000,863000,827000,827000,96044
2016-10-12,870000,880000,862000,864000,61554
2016-10-11,888000,894000,853000,862000,70053
2016-10-10,853000,880000,848000,872000,69225
2016-10-07,860000,861000,834000,843000,75795
2016-10-06,869000,874000,852000,861000,54537
2016-10-05,853000,875000,851000,867000,64172
2016-10-04,883000,884000,850000,858000,109004
2016-09-30,886000,888000,859000,883000,171488
2016-09-29,890000,903000,887000,900000,76749
2016-09-28,886000,895000,884000,887000,54769
2016-09-27,876000,890000,866000,884000,68810
2016-09-26,879000,884000,869000,876000,41845
2016-09-23,882000,882000,861000,878000,71572
2016-09-22,867000,874000,855000,873000,112382
2016-09-21,836000,864000,836000,855000,104415
2016-09-20,858000,867000,835000,836000,109278
2016-09-19,853000,870000,845000,856000,111591
2016-09-13,850000,851000,833000,841000,67024
2016-09-12,835000,843000,831000,840000,63554
2016-09-09,852000,860000,841000,847000,80202
2016-09-08,869000,872000,851000,869000,78019
2016-09-07,843000,874000,838000,872000,84179
2016-09-06,858000,875000,833000,843000,115956
2016-09-05,842000,855000,842000,850000,47234
2016-09-02,833000,835000,822000,831000,55066
2016-09-01,845000,847000,819000,829000,81489
2016-08-31,843000,850000,827000,845000,156402
2016-08-30,811000,821000,805000,821000,70617
2016-08-29,806000,819000,800000,810000,79618
2016-08-26,796000,809000,796000,805000,74997
2016-08-25,812000,812000,802000,804000,87254
2016-08-24,807000,814000,800000,812000,69164
2016-08-23,801000,808000,795000,806000,68173
2016-08-22,800000,803000,793000,795000,72949
2016-08-19,807000,811000,798000,805000,107459
2016-08-18,792000,801000,790000,801000,87904
2016-08-17,775000,792000,775000,790000,61945
2016-08-16,784000,798000,783000,790000,106833
2016-08-12,777000,784000,777000,782000,46661
2016-08-11,779000,779000,769000,778000,76198
2016-08-10,765000,776000,759000,775000,146359
2016-08-09,754000,757000,750000,755000,148072
2016-08-08,728000,749000,727000,749000,116887
2016-08-05,711000,725000,705000,723000,55048
2016-08-04,713000,714000,701000,707000,47203
2016-08-03,710000,713000,702000,705000,49534
2016-08-02,701000,715000,699000,713000,48893
2016-08-01,711000,713000,678000,701000,145624
2016-07-29,710000,717000,708000,710000,105948
2016-07-28,717000,719000,707000,710000,97929
2016-07-27,710000,718000,710000,712000,58059
2016-07-26,711000,714000,702000,710000,57815
2016-07-25,708000,714000,708000,710000,51376
2016-07-22,706000,712000,704000,705000,76583
2016-07-21,698000,706000,697000,704000,103419
2016-07-20,715000,717000,691000,695000,168485
2016-07-19,718000,721000,707000,718000,110590
2016-07-18,717000,718000,706000,712000,150740
2016-07-15,750000,753000,706000,716000,280532
2016-07-14,751000,754000,734000,734000,162443
2016-07-13,760000,768000,748000,758000,125224
2016-07-12,759000,768000,748000,755000,97152
2016-07-11,745000,758000,743000,754000,106638
2016-07-08,751000,756000,748000,750000,67494
2016-07-07,752000,770000,748000,753000,68467
2016-07-06,750000,750000,730000,745000,121583
2016-07-05,730000,756000,730000,750000,120300
2016-07-04,716000,729000,712000,727000,76645
2016-07-01,713000,723000,713000,713000,74950
2016-06-30,710000,717000,707000,710000,96352
2016-06-29,715000,724000,713000,713000,92840
2016-06-28,701000,719000,700000,719000,118367
2016-06-27,728000,730000,706000,710000,191038
2016-06-24,745000,759000,721000,739000,168557
2016-06-23,733000,760000,732000,747000,206454
2016-06-22,699000,730000,699000,730000,167827
2016-06-21,694000,698000,688000,697000,61515
2016-06-20,697000,697000,684000,692000,61477
2016-06-17,701000,702000,688000,689000,73538
2016-06-16,691000,701000,691000,701000,53223
2016-06-15,704000,709000,692000,697000,70442
2016-06-14,689000,702000,679000,697000,112213
2016-06-13,714000,714000,686000,697000,125844
2016-06-10,731000,733000,717000,720000,87201
2016-06-09,731000,733000,712000,720000,134487
2016-06-08,709000,725000,708000,722000,111208
2016-06-07,728000,729000,705000,707000,91415
2016-06-03,702000,708000,695000,707000,80059
2016-06-02,694000,713000,691000,697000,94830
2016-06-01,700000,701000,666000,687000,325582
2016-05-31,710000,720000,706000,720000,110306
2016-05-30,705000,712000,702000,710000,78099
2016-05-27,705000,706000,695000,700000,43460
2016-05-26,704000,709000,699000,703000,45203
2016-05-25,701000,709000,695000,704000,92598
2016-05-24,690000,703000,686000,694000,54941
2016-05-23,690000,690000,673000,690000,57627
2016-05-20,708000,710000,682000,688000,76043
2016-05-19,687000,701000,687000,701000,50213
2016-05-18,694000,698000,682000,698000,67076
2016-05-17,691000,694000,686000,694000,51288
2016-05-16,671000,695000,671000,692000,53673
2016-05-13,675000,687000,668000,677000,92464
2016-05-12,695000,697000,676000,676000,67419
2016-05-11,700000,702000,690000,693000,70925
2016-05-10,708000,714000,695000,707000,101300
2016-05-09,699000,705000,687000,700000,185004
2016-05-04,679000,683000,670000,680000,82503
2016-05-03,682000,682000,675000,676000,68766
2016-05-02,679000,680000,667000,678000,57729
2016-04-29,668000,681000,666000,677000,129530
2016-04-28,691000,691000,646000,659000,178953
2016-04-27,648000,665000,640000,665000,75516
2016-04-26,663000,672000,649000,654000,42893
2016-04-25,662000,665000,655000,662000,31095
2016-04-22,660000,665000,657000,663000,38736
2016-04-21,660000,667000,656000,667000,42382
2016-04-20,666000,668000,651000,654000,89407
2016-04-19,661000,672000,661000,669000,57277
2016-04-18,668000,672000,657000,661000,70379
2016-04-15,672000,677000,668000,673000,56813
2016-04-14,690000,691000,668000,673000,86027
2016-04-12,666000,672000,660000,670000,55644
2016-04-11,663000,670000,656000,664000,52603
2016-04-08,667000,670000,660000,663000,72655
2016-04-07,651000,677000,649000,675000,141252
2016-04-06,645000,651000,642000,649000,84620
2016-04-05,650000,653000,648000,652000,92192
2016-04-04,632000,651000,632000,651000,108224
2016-04-01,645000,645000,624000,628000,60265
2016-03-31,645000,646000,633000,637000,63624
2016-03-30,649000,649000,632000,637000,88083
2016-03-29,617000,640000,616000,640000,70790
2016-03-28,616000,628000,615000,617000,54676
2016-03-25,624000,629000,611000,613000,101055
2016-03-24,638000,642000,621000,624000,73004
2016-03-23,650000,652000,627000,634000,86255
2016-03-22,641000,654000,639000,649000,99242
2016-03-21,634000,648000,633000,642000,63748
2016-03-18,633000,642000,630000,639000,59459
2016-03-17,649000,649000,630000,636000,66043
2016-03-16,644000,647000,635000,640000,41988
2016-03-15,635000,648000,632000,641000,51659
2016-03-14,641000,642000,625000,635000,52600
2016-03-11,638000,649000,631000,636000,108073
2016-03-10,608000,644000,602000,635000,126919
2016-03-09,601000,610000,600000,608000,36896
2016-03-08,588000,612000,588000,604000,49664
2016-03-07,615000,619000,599000,599000,75634
2016-03-04,615000,621000,604000,613000,66036
2016-03-03,615000,615000,602000,610000,74837
2016-03-02,584000,612000,581000,609000,118966
2016-02-29,580000,585000,570000,572000,76555
2016-02-26,581000,586000,575000,580000,43962
2016-02-25,581000,589000,578000,582000,56884
2016-02-24,583000,584000,572000,580000,71200
2016-02-23,569000,587000,568000,584000,103428
2016-02-22,575000,581000,565000,565000,85830
2016-02-19,579000,582000,568000,573000,68007
2016-02-18,578000,588000,576000,582000,82781
2016-02-17,578000,587000,574000,575000,140186
2016-02-16,553000,580000,553000,575000,98586
2016-02-15,561000,567000,548000,556000,140727
2016-02-12,555000,566000,544000,556000,190035
2016-02-11,589000,589000,563000,563000,151091
2016-02-05,600000,605000,596000,599000,55143
2016-02-04,606000,607000,594000,602000,86609
2016-02-03,593000,606000,593000,601000,94196
2016-02-02,611000,618000,592000,600000,217567
2016-02-01,622000,629000,608000,613000,141459
2016-01-29,627000,631000,605000,628000,268941
2016-01-28,642000,650000,621000,631000,275960
2016-01-27,687000,687000,666000,674000,59611
2016-01-26,675000,681000,671000,680000,55939
2016-01-25,668000,677000,657000,673000,59562
2016-01-22,650000,668000,640000,668000,85812
2016-01-21,656000,657000,631000,639000,133464
2016-01-20,670000,673000,651000,664000,94210
2016-01-19,683000,684000,664000,670000,113978
2016-01-18,663000,687000,663000,687000,132197
2016-01-15,662000,673000,658000,670000,128277
2016-01-14,642000,659000,640000,651000,62653
2016-01-13,656000,657000,643000,649000,79968
2016-01-12,636000,654000,632000,650000,71483
2016-01-11,645000,651000,626000,628000,88557
2016-01-08,652000,659000,642000,652000,63883
2016-01-07,626000,660000,626000,652000,125231
2016-01-06,645000,645000,622000,623000,95572
2016-01-05,633000,642000,631000,637000,69448
2016-01-04,650000,658000,632000,632000,92911
2015-12-30,642000,668000,639000,658000,64179
2015-12-29,649000,649000,631000,642000,50492
2015-12-28,647000,650000,638000,641000,47504
2015-12-24,649000,654000,646000,647000,32797
2015-12-23,653000,654000,645000,653000,40287
2015-12-22,646000,654000,637000,653000,45789
2015-12-21,645000,652000,642000,648000,52771
2015-12-18,649000,653000,636000,640000,49530
2015-12-17,654000,659000,646000,653000,70538
2015-12-16,649000,652000,645000,646000,76091
2015-12-15,646000,648000,635000,643000,67384
2015-12-14,634000,640000,628000,633000,67458
2015-12-11,613000,640000,613000,640000,77553
2015-12-10,606000,623000,604000,618000,83119
2015-12-09,610000,620000,610000,612000,71595
2015-12-08,609000,621000,609000,613000,63802
2015-12-07,627000,634000,608000,608000,108043
2015-12-04,628000,630000,613000,625000,72899
2015-12-03,648000,649000,627000,633000,46310
2015-12-02,644000,651000,636000,639000,74548
2015-12-01,635000,649000,632000,647000,60611
2015-11-30,633000,636000,620000,631000,136455
2015-11-27,627000,647000,627000,632000,62984
2015-11-26,630000,635000,623000,633000,53704
2015-11-25,620000,633000,616000,630000,60327
2015-11-24,625000,633000,619000,621000,61538
2015-11-23,627000,629000,616000,624000,57593
2015-11-20,616000,629000,610000,627000,72411
2015-11-19,601000,609000,594000,609000,58681
2015-11-18,599000,604000,594000,600000,40094
2015-11-17,596000,608000,596000,599000,62277
2015-11-16,590000,602000,589000,592000,90123
2015-11-13,611000,616000,599000,606000,79404
2015-11-12,622000,628000,617000,620000,51118
2015-11-11,620000,630000,613000,625000,71240
2015-11-10,634000,634000,607000,618000,111914
2015-11-09,633000,636000,624000,634000,60360
2015-11-06,621000,631000,620000,630000,45518
2015-11-05,623000,635000,619000,629000,73748
2015-11-04,625000,628000,616000,626000,130282
2015-11-03,607000,619000,600000,619000,116213
2015-11-02,600000,607000,597000,603000,103603
2015-10-30,592000,607000,576000,600000,157815
2015-10-29,600000,617000,588000,592000,236532
2015-10-28,561000,577000,542000,577000,116362
2015-10-27,547000,564000,547000,564000,67313
2015-10-26,574000,584000,548000,562000,148575
2015-10-23,552000,574000,551000,571000,120798
2015-10-22,569000,572000,547000,547000,124128
2015-10-21,580000,580000,572000,575000,53625
2015-10-20,578000,585000,573000,578000,76278
2015-10-19,588000,588000,572000,584000,87171
2015-10-16,574000,587000,571000,587000,91619
2015-10-15,562000,573000,560000,569000,65750
2015-10-14,577000,577000,561000,562000,79404
2015-10-13,578000,579000,568000,579000,78324
2015-10-12,576000,583000,550000,574000,121711
2015-10-08,567000,569000,547000,561000,86696
2015-10-07,561000,561000,550000,558000,93895
2015-10-06,545000,558000,542000,556000,108170
2015-10-05,549000,563000,537000,543000,107133
2015-10-02,550000,551000,535000,550000,139868
2015-10-01,518000,546000,513000,546000,200480
2015-09-30,515000,515000,500000,513000,129790
2015-09-25,507000,512000,499500,508000,43029
2015-09-24,512000,516000,503000,506000,70863
2015-09-23,491500,518000,488500,505000,136050
2015-09-22,505000,508000,494500,496000,78633
2015-09-21,509000,509000,499500,500000,49301
2015-09-18,515000,518000,498500,509000,98942
2015-09-17,484000,515000,483500,510000,215608
2015-09-16,472000,481500,468500,481500,130255
2015-09-15,475000,479500,468000,470500,121447
2015-09-14,490000,490500,468000,476000,136290
2015-09-11,493000,495500,485500,488500,96967
2015-09-10,490000,502000,490000,500000,151332
2015-09-09,467000,502000,467000,501000,166609
2015-09-08,475500,478000,458000,461500,96615
2015-09-07,473000,476000,466000,474500,85864
2015-09-04,470500,481500,466500,469500,98152
2015-09-03,466000,480000,466000,470500,157774
2015-09-02,470500,473500,462000,466000,159732
2015-09-01,495500,501000,475000,476000,136374
2015-08-31,487500,495500,471000,495500,176982
2015-08-28,491500,496500,480500,488000,190496
2015-08-27,495500,502000,486500,487500,145694
2015-08-26,490000,503000,484000,489000,209162
2015-08-25,497000,502000,482000,491500,191001
2015-08-24,506000,515000,495500,500000,120770
2015-08-21,525000,526000,507000,516000,97208
2015-08-20,535000,538000,519000,521000,100042
2015-08-19,516000,527000,516000,524000,127949
2015-08-18,512000,525000,511000,522000,93872
2015-08-17,513000,520000,510000,510000,76067
2015-08-13,516000,525000,512000,519000,116197
2015-08-12,522000,534000,517000,528000,153024
2015-08-11,521000,530000,516000,523000,118274
2015-08-10,507000,515000,503000,511000,121894
2015-08-07,515000,519000,500000,501000,252654
2015-08-06,526000,527000,515000,516000,130595
2015-08-05,531000,531000,518000,525000,113978
2015-08-04,520000,527000,518000,526000,87832
2015-08-03,520000,525000,517000,520000,119290
2015-07-31,508000,524000,505000,523000,274520
2015-07-30,572000,572000,510000,518000,739360
2015-07-29,605000,610000,600000,602000,108127
2015-07-28,609000,613000,601000,610000,84067
2015-07-27,625000,625000,606000,611000,69228
2015-07-24,620000,627000,613000,625000,57182
2015-07-23,634000,635000,617000,622000,53956
2015-07-22,643000,644000,629000,635000,89001
2015-07-21,649000,652000,641000,649000,63920
2015-07-20,647000,657000,634000,638000,122254
2015-07-17,618000,638000,612000,632000,197052
2015-07-16,605000,624000,605000,607000,95679
2015-07-15,614000,615000,605000,605000,57285
2015-07-14,616000,619000,610000,614000,43029
2015-07-13,612000,614000,614000,614000,39812
2015-07-10,618000,618000,603000,612000,54491
2015-07-09,612000,615000,594000,610000,92501
2015-07-08,615000,638000,609000,619000,134719
2015-07-07,627000,627000,610000,613000,81608
2015-07-06,605000,621000,605000,616000,71551
2015-07-03,621000,624000,608000,613000,80936
2015-07-02,629000,629000,613000,615000,135645
2015-07-01,628000,631000,603000,628000,231538
2015-06-30,644000,649000,627000,634000,117916
2015-06-29,650000,656000,641000,651000,66487
2015-06-26,656000,671000,650000,658000,134622
2015-06-25,652000,656000,641000,653000,91670
2015-06-24,657000,658000,644000,649000,93854
2015-06-23,635000,640000,629000,640000,46058
2015-06-22,638000,642000,625000,631000,42331
2015-06-19,625000,635000,615000,634000,69656
2015-06-18,638000,639000,622000,624000,73075
2015-06-17,621000,637000,620000,630000,111344
2015-06-16,628000,634000,616000,627000,156985
2015-06-15,607000,628000,607000,627000,263826
2015-06-12,574000,603000,573000,601000,246771
2015-06-11,575000,589000,566000,566000,226222
2015-06-10,599000,599000,568000,568000,89385
2015-06-09,590000,595000,577000,590000,110026
2015-06-08,571000,594000,568000,587000,108090
2015-06-05,569000,583000,565000,565000,168057
2015-06-04,602000,605000,580000,580000,175220
2015-06-03,620000,620000,601000,601000,65475
2015-06-02,622000,623000,608000,611000,70857
2015-06-01,611000,621000,609000,617000,80409
2015-05-29,604000,629000,604000,609000,155034
2015-05-28,613000,617000,605000,605000,74932
2015-05-27,618000,618000,601000,608000,118396
2015-05-26,635000,636000,617000,621000,72201
2015-05-22,607000,627000,607000,627000,79653
2015-05-21,608000,615000,595000,607000,160498
2015-05-20,634000,634000,615000,616000,66834
2015-05-19,623000,628000,617000,626000,103129
2015-05-18,614000,621000,612000,618000,97381
2015-05-15,610000,612000,606000,610000,62193
2015-05-14,601000,610000,601000,607000,61043
2015-05-13,604000,606000,600000,604000,80118
2015-05-12,600000,611000,598000,605000,89246
2015-05-11,610000,614000,603000,606000,81116
2015-05-08,608000,620000,608000,609000,83978
2015-05-07,613000,617000,604000,611000,137197
2015-05-06,601000,616000,596000,613000,270205
2015-05-04,643000,649000,603000,603000,389546
2015-04-30,670000,682000,647000,650000,318971
2015-04-29,683000,689000,674000,679000,128311
2015-04-28,690000,690000,682000,686000,125414
2015-04-27,673000,688000,667000,684000,173778
2015-04-24,678000,685000,659000,667000,106997
2015-04-23,680000,685000,667000,682000,125741
2015-04-22,679000,679000,669000,674000,133683
2015-04-21,669000,670000,653000,669000,117731
2015-04-20,661000,672000,661000,666000,87157
2015-04-17,675000,677000,667000,669000,92300
2015-04-16,674000,675000,662000,673000,96649
2015-04-15,669000,672000,665000,671000,85116
2015-04-14,652000,668000,651000,667000,122972
2015-04-13,646000,655000,643000,652000,94388
2015-04-10,655000,662000,647000,650000,119769
2015-04-09,645000,669000,643000,653000,176099
2015-04-08,643000,647000,640000,645000,118098
2015-04-07,641000,645000,637000,639000,68229
2015-04-06,648000,653000,634000,635000,90812
2015-04-03,638000,649000,632000,647000,137903
2015-04-02,664000,669000,624000,642000,472361
2015-04-01,672000,675000,661000,667000,74091
2015-03-31,690000,691000,669000,671000,90489
2015-03-30,685000,692000,673000,681000,87689
2015-03-27,671000,673000,662000,672000,101301
2015-03-26,670000,675000,660000,661000,94725
2015-03-25,684000,685000,669000,670000,74380
2015-03-24,685000,685000,667000,675000,87881
2015-03-23,660000,681000,657000,680000,158943
2015-03-20,643000,654000,643000,654000,90034
2015-03-19,661000,662000,641000,641000,119127
2015-03-18,658000,666000,650000,654000,110446
2015-03-17,649000,663000,644000,660000,120631
2015-03-16,653000,653000,637000,643000,114958
2015-03-13,645000,653000,640000,650000,132034
2015-03-12,633000,645000,627000,627000,182632
2015-03-11,639000,646000,629000,629000,171671
2015-03-10,652000,659000,641000,641000,110935
2015-03-09,669000,674000,652000,653000,123716
2015-03-06,692000,694000,672000,680000,91948
2015-03-05,679000,701000,675000,689000,167647
2015-03-04,649000,682000,639000,680000,168011
2015-03-03,653000,659000,646000,650000,103018
2015-03-02,662000,667000,641000,646000,149507
2015-02-27,623000,668000,623000,661000,260772
2015-02-26,636000,641000,626000,626000,168357
2015-02-25,639000,644000,633000,641000,145970
2015-02-24,637000,647000,635000,637000,140176
2015-02-23,668000,672000,632000,639000,276611
2015-02-17,666000,675000,666000,671000,35146
2015-02-16,666000,676000,665000,669000,55213
2015-02-13,675000,692000,666000,668000,98137
2015-02-12,680000,680000,656000,680000,114205
2015-02-11,660000,677000,653000,673000,192336
2015-02-10,670000,678000,639000,648000,369177
2015-02-09,715000,715000,680000,681000,213567
2015-02-06,711000,721000,708000,715000,75707
2015-02-05,722000,725000,710000,712000,77585
2015-02-04,716000,727000,715000,725000,121279
2015-02-03,711000,717000,705000,712000,121143
2015-02-02,716000,723000,707000,711000,112406
2015-01-30,725000,730000,711000,716000,299556
2015-01-29,760000,762000,731000,736000,267610
2015-01-28,760000,780000,760000,777000,116860
2015-01-27,774000,775000,761000,764000,82104
2015-01-26,775000,779000,768000,771000,58076
2015-01-23,775000,780000,760000,780000,97692
2015-01-22,783000,789000,762000,765000,82584
2015-01-21,782000,789000,768000,780000,71120
2015-01-20,780000,797000,780000,790000,79141
2015-01-19,780000,784000,773000,776000,67564
2015-01-16,779000,780000,757000,777000,114946
2015-01-15,748000,778000,741000,777000,178587
2015-01-14,735000,745000,732000,739000,50887
2015-01-13,752000,755000,738000,740000,48863
2015-01-12,746000,760000,746000,750000,36635
2015-01-09,759000,759000,742000,752000,73767
2015-01-08,729000,745000,729000,744000,56349
2015-01-07,749000,749000,730000,732000,51747
2015-01-06,741000,754000,735000,743000,92148
2015-01-05,726000,750000,721000,749000,112454
2015-01-02,713000,733000,712000,731000,64144
2014-12-30,717000,722000,708000,712000,84431
2014-12-29,728000,734000,721000,723000,37307
2014-12-26,733000,746000,731000,736000,40657
2014-12-24,743000,746000,730000,741000,49382
2014-12-23,749000,751000,740000,745000,37628
2014-12-22,743000,745000,731000,745000,45255
2014-12-19,722000,740000,720000,740000,82095
2014-12-18,738000,738000,713000,719000,63115
2014-12-17,739000,739000,721000,729000,69424
2014-12-16,723000,735000,719000,729000,66482
2014-12-15,705000,728000,702000,722000,49302
2014-12-12,713000,720000,703000,713000,87300
2014-12-11,702000,713000,702000,704000,70784
2014-12-10,730000,732000,701000,711000,98751
2014-12-09,731000,736000,726000,726000,47275
2014-12-08,732000,736000,730000,730000,53322
2014-12-05,736000,737000,731000,736000,56912
2014-12-04,732000,738000,730000,736000,60587
2014-12-03,729000,737000,728000,734000,47610
2014-12-02,741000,742000,729000,733000,57842
2014-12-01,746000,758000,730000,738000,106777
2014-11-28,742000,758000,742000,756000,36728
2014-11-27,750000,756000,741000,745000,91812
2014-11-26,749000,758000,749000,753000,44374
2014-11-25,751000,762000,750000,753000,73342
2014-11-24,766000,770000,742000,750000,155861
2014-11-21,786000,788000,763000,763000,79157
2014-11-20,782000,791000,782000,789000,53430
2014-11-19,789000,790000,780000,787000,104697
2014-11-18,761000,788000,759000,781000,98575
2014-11-17,754000,762000,750000,761000,68647
2014-11-14,762000,774000,754000,761000,62874
2014-11-13,745000,765000,745000,763000,97285
2014-11-12,750000,758000,738000,749000,128776
2014-11-11,740000,751000,739000,742000,117600
2014-11-10,737000,750000,737000,743000,87053
2014-11-07,740000,750000,731000,743000,103227
2014-11-06,766000,766000,742000,746000,90523
2014-11-05,758000,767000,746000,765000,92148
2014-11-04,749000,759000,741000,751000,123839
2014-11-03,745000,759000,744000,749000,110796
2014-10-31,755000,760000,747000,754000,139702
2014-10-30,780000,789000,736000,750000,253880
2014-10-29,811000,811000,773000,778000,118280
2014-10-28,782000,806000,775000,804000,63442
2014-10-27,781000,785000,773000,777000,46578
2014-10-24,794000,798000,767000,780000,50913
2014-10-23,800000,808000,786000,794000,57406
2014-10-22,799000,812000,793000,798000,93976
2014-10-21,780000,800000,776000,796000,71778
2014-10-20,771000,794000,766000,784000,47950
2014-10-17,785000,798000,766000,766000,68627
2014-10-16,765000,795000,765000,785000,108507
2014-10-15,757000,782000,748000,782000,110734
2014-10-14,756000,759000,735000,758000,131357
2014-10-13,739000,770000,723000,756000,143137
2014-10-10,773000,776000,735000,740000,204230
2014-10-08,769000,789000,768000,784000,92807
2014-10-07,779000,788000,763000,770000,73824
2014-10-06,793000,799000,775000,779000,100148
2014-10-02,792000,814000,791000,792000,95926
2014-10-01,803000,820000,783000,804000,143305
2014-09-30,813000,819000,805000,807000,162942
2014-09-29,821000,850000,815000,830000,155576
2014-09-26,800000,828000,798000,821000,100184
2014-09-25,828000,834000,808000,808000,114745
2014-09-24,824000,842000,817000,833000,188791
2014-09-23,769000,834000,767000,834000,346998
2014-09-22,785000,796000,765000,790000,148922
2014-09-19,786000,800000,783000,792000,143815
2014-09-18,801000,805000,766000,790000,415670
2014-09-17,749000,750000,736000,743000,102702
2014-09-16,710000,734000,708000,727000,118534
2014-09-15,706000,720000,705000,710000,63034
2014-09-12,705000,728000,702000,708000,177956
2014-09-11,720000,723000,698000,699000,263010
2014-09-05,750000,754000,719000,725000,144095
2014-09-04,750000,755000,746000,750000,85970
2014-09-03,763000,765000,750000,750000,86190
2014-09-02,763000,771000,761000,763000,51408
2014-09-01,768000,776000,763000,765000,25187
2014-08-29,769000,778000,764000,768000,68293
2014-08-28,780000,783000,765000,765000,64297
2014-08-27,777000,796000,772000,780000,70276
2014-08-26,784000,786000,772000,779000,52433
2014-08-25,780000,783000,769000,777000,46281
2014-08-22,759000,777000,759000,774000,48525
2014-08-21,780000,783000,758000,759000,127148
2014-08-20,804000,807000,784000,789000,77451
2014-08-19,804000,811000,794000,800000,95030
2014-08-18,800000,803000,789000,794000,61001
2014-08-14,800000,805000,785000,794000,90165
2014-08-13,771000,801000,770000,800000,204539
2014-08-12,767000,782000,762000,771000,115552
2014-08-11,780000,780000,755000,760000,75245
2014-08-08,755000,770000,751000,769000,121304
2014-08-07,753000,757000,736000,745000,85624
2014-08-06,760000,760000,746000,757000,96828
2014-08-05,788000,789000,753000,762000,143922
2014-08-04,773000,784000,770000,783000,117465
2014-08-01,738000,775000,736000,764000,146007
2014-07-31,779000,785000,737000,749000,300156
2014-07-30,745000,779000,733000,769000,254285
2014-07-29,758000,760000,729000,734000,198028
2014-07-28,759000,767000,757000,764000,96072
2014-07-25,758000,769000,754000,757000,139309
2014-07-24,755000,768000,750000,754000,160613
2014-07-23,783000,787000,753000,759000,180992
2014-07-22,770000,783000,767000,783000,81733
2014-07-21,792000,793000,763000,766000,143196
2014-07-18,780000,785000,761000,783000,143387
2014-07-17,801000,805000,780000,782000,179498
2014-07-16,843000,843000,795000,799000,198504
2014-07-15,814000,828000,812000,827000,73948
2014-07-14,796000,811000,793000,808000,51616
2014-07-11,799000,807000,788000,793000,80297
2014-07-10,812000,818000,805000,807000,55007
2014-07-09,815000,820000,803000,805000,100177
2014-07-08,831000,832000,815000,831000,54849
2014-07-07,820000,831000,816000,831000,39054
2014-07-04,835000,837000,810000,819000,113818
2014-07-03,840000,840000,827000,830000,95460
2014-07-02,853000,865000,843000,847000,86043
2014-07-01,828000,849000,824000,844000,54286
2014-06-30,842000,842000,824000,835000,72062
2014-06-27,840000,844000,828000,832000,73781
2014-06-26,825000,850000,825000,849000,122459
2014-06-25,828000,840000,817000,822000,60480
2014-06-24,822000,833000,820000,825000,112249
2014-06-23,792000,826000,787000,826000,210600
2014-06-20,775000,787000,775000,787000,99562
2014-06-19,779000,787000,769000,777000,74441
2014-06-18,775000,779000,763000,775000,69449
2014-06-17,794000,794000,777000,780000,74287
2014-06-16,778000,794000,772000,794000,52674
2014-06-13,793000,793000,780000,785000,57129
2014-06-12,793000,803000,788000,795000,118355
2014-06-11,788000,800000,780000,786000,149308
2014-06-10,766000,788000,757000,783000,144723
2014-06-09,757000,774000,752000,768000,134116
2014-06-05,774000,775000,741000,743000,105429
2014-06-03,758000,761000,742000,755000,105648
2014-06-02,759000,766000,756000,762000,50204
2014-05-30,774000,783000,758000,758000,112574
2014-05-29,778000,784000,768000,772000,105859
2014-05-28,758000,778000,755000,778000,120819
2014-05-27,744000,761000,742000,755000,134485
2014-05-26,749000,766000,742000,745000,207175
2014-05-23,778000,780000,772000,776000,53677
2014-05-22,780000,788000,772000,778000,105492
2014-05-21,750000,779000,749000,773000,170778
2014-05-20,736000,757000,736000,756000,113299
2014-05-19,748000,755000,727000,735000,118600
2014-05-16,757000,765000,744000,752000,142643
2014-05-15,761000,776000,757000,762000,211355
2014-05-14,743000,758000,739000,758000,156916
2014-05-13,740000,750000,732000,749000,204780
2014-05-12,693000,723000,693000,719000,193764
2014-05-09,699000,708000,675000,691000,406597
2014-05-08,732000,740000,705000,705000,285818
2014-05-07,726000,735000,710000,731000,153872
2014-05-02,747000,751000,739000,739000,113456
2014-04-30,734000,743000,730000,738000,120279
2014-04-29,727000,739000,726000,730000,98324
2014-04-28,737000,740000,727000,734000,133356
2014-04-25,770000,776000,744000,748000,156622
2014-04-24,790000,797000,775000,777000,116203
2014-04-23,798000,798000,780000,780000,91825
2014-04-22,774000,793000,767000,793000,195344
2014-04-21,752000,759000,749000,757000,47721
2014-04-18,739000,755000,738000,750000,120302
2014-04-17,750000,750000,730000,737000,142292
2014-04-16,740000,753000,738000,750000,123349
2014-04-15,748000,751000,731000,734000,114325
2014-04-14,738000,752000,735000,743000,98030
2014-04-11,735000,744000,734000,741000,170372
2014-04-10,775000,777000,756000,765000,191658
2014-04-09,759000,761000,748000,748000,156963
2014-04-08,723000,749000,720000,742000,274261
2014-04-07,764000,769000,736000,739000,440070
2014-04-04,779000,796000,779000,790000,128275
2014-04-03,807000,815000,798000,803000,123084
2014-04-02,793000,811000,789000,805000,208823
2014-04-01,770000,784000,768000,780000,157457
2014-03-31,781000,784000,766000,774000,155854
2014-03-28,768000,785000,765000,780000,192144
2014-03-27,767000,779000,759000,773000,306453
2014-03-26,797000,801000,770000,797000,162952
2014-03-25,811000,819000,787000,792000,250269
2014-03-24,805000,835000,804000,834000,94521
2014-03-21,815000,819000,794000,804000,122728
2014-03-20,838000,844000,812000,815000,113881
2014-03-19,833000,850000,825000,833000,114360
2014-03-18,813000,827000,796000,819000,132338
2014-03-17,803000,822000,792000,801000,130213
2014-03-14,818000,832000,799000,810000,165832
2014-03-13,814000,839000,812000,837000,146856
2014-03-12,846000,854000,812000,812000,184380
2014-03-11,864000,877000,840000,850000,110497
2014-03-10,833000,857000,830000,853000,122383
2014-03-07,840000,849000,824000,826000,112778
2014-03-06,880000,880000,832000,836000,187764
2014-03-05,833000,857000,830000,852000,147096
2014-03-04,808000,826000,807000,822000,68511
2014-03-03,810000,827000,794000,813000,149618
2014-02-28,804000,820000,798000,817000,285373
2014-02-27,760000,799000,748000,792000,267218
2014-02-26,752000,760000,743000,760000,323258
2014-02-25,692000,744000,685000,735000,460033
2014-02-24,713000,714000,675000,684000,255638
2014-02-21,688000,719000,687000,705000,469665
2014-02-20,718000,732000,687000,689000,686908
2014-02-19,752000,757000,741000,750000,74571
2014-02-18,753000,755000,742000,752000,51813
2014-02-17,758000,767000,747000,749000,96002
2014-02-14,748000,756000,742000,750000,84002
2014-02-13,741000,748000,731000,748000,96592
2014-02-12,743000,745000,731000,741000,68049
2014-02-11,738000,747000,732000,737000,84591
2014-02-10,749000,753000,734000,734000,120970
2014-02-07,751000,755000,731000,751000,186485
2014-02-06,720000,759000,717000,739000,426606
2014-02-05,674000,691000,670000,689000,141320
2014-02-04,660000,673000,658000,666000,133292
2014-02-03,682000,692000,675000,676000,167182
2014-01-29,680000,686000,672000,675000,101831
2014-01-28,660000,678000,658000,677000,110890
2014-01-27,651000,669000,643000,659000,248965
2014-01-24,704000,704000,675000,679000,169943
2014-01-23,704000,709000,695000,700000,62299
2014-01-22,700000,705000,693000,704000,100490
2014-01-21,716000,716000,698000,700000,110470
2014-01-20,715000,728000,714000,717000,73457
2014-01-17,720000,721000,708000,715000,93534
2014-01-16,704000,721000,701000,720000,161331
2014-01-15,674000,695000,667000,693000,156858
2014-01-14,668000,686000,662000,667000,195028
2014-01-13,695000,701000,664000,670000,184826
2014-01-10,662000,692000,662000,690000,193411
2014-01-09,695000,698000,671000,671000,203267
2014-01-08,714000,727000,686000,700000,227012
2014-01-07,701000,708000,699000,700000,128536
2014-01-06,705000,713000,691000,699000,172996
2014-01-03,725000,725000,694000,699000,218742
2014-01-02,739000,742000,724000,725000,109130
2013-12-30,717000,727000,716000,724000,116420
2013-12-27,723000,740000,721000,734000,105203
2013-12-26,734000,735000,713000,714000,167835
2013-12-24,750000,751000,734000,734000,136017
2013-12-23,742000,745000,734000,740000,126916
2013-12-20,739000,742000,721000,736000,138716
2013-12-19,722000,736000,711000,730000,166345
2013-12-18,732000,735000,706000,710000,229556
2013-12-17,714000,740000,712000,732000,173031
2013-12-16,708000,715000,701000,708000,103868
2013-12-13,722000,728000,700000,703000,171645
2013-12-12,718000,724000,705000,714000,105279
2013-12-11,720000,722000,709000,717000,93628
2013-12-10,713000,728000,703000,709000,165278
2013-12-09,712000,719000,705000,709000,154825
2013-12-06,681000,719000,680000,710000,172384
2013-12-05,681000,689000,672000,676000,158284
2013-12-04,684000,694000,667000,673000,130219
2013-12-03,686000,706000,683000,686000,148980
2013-12-02,692000,699000,683000,687000,89409
2013-11-29,700000,702000,682000,692000,117896
2013-11-28,677000,708000,675000,696000,314018
2013-11-27,638000,663000,627000,663000,172301
2013-11-26,638000,651000,631000,635000,158229
2013-11-25,639000,648000,636000,636000,112343
2013-11-22,631000,639000,621000,636000,114855
2013-11-21,630000,636000,619000,625000,117931
2013-11-20,647000,647000,622000,630000,213107
2013-11-19,609000,618000,607000,618000,185065
2013-11-18,630000,631000,617000,625000,84914
2013-11-15,627000,627000,612000,627000,139170
2013-11-14,613000,627000,607000,620000,178525
2013-11-13,612000,619000,590000,600000,145431
2013-11-12,587000,617000,579000,614000,197042
2013-11-11,572000,583000,562000,580000,185821
2013-11-08,593000,596000,560000,560000,255689
2013-11-07,580000,592000,566000,583000,303932
2013-11-06,600000,604000,578000,580000,184898
2013-11-05,587000,604000,587000,597000,162033
2013-11-04,606000,610000,586000,586000,150432
2013-11-01,590000,613000,587000,605000,169864
2013-10-31,620000,623000,590000,597000,449409
2013-10-30,629000,630000,608000,630000,182180
2013-10-29,635000,635000,618000,630000,179204
2013-10-28,611000,638000,606000,638000,215197
2013-10-25,625000,634000,601000,607000,276396
2013-10-24,618000,631000,608000,618000,230843
2013-10-23,650000,653000,611000,618000,348276
2013-10-22,667000,668000,646000,655000,218413
2013-10-21,655000,687000,651000,665000,400520
2013-10-18,620000,658000,619000,640000,405118
2013-10-17,605000,616000,592000,610000,305051
2013-10-16,627000,630000,594000,595000,445633
2013-10-15,595000,639000,595000,632000,314234
2013-10-14,580000,590000,577000,580000,190373
2013-10-11,577000,585000,572000,582000,297146
2013-10-10,569000,572000,561000,568000,292862
2013-10-08,553000,572000,543000,572000,177104
2013-10-07,550000,561000,544000,548000,183376
2013-10-04,547000,553000,534000,547000,236185
2013-10-02,557000,559000,547000,554000,183662
2013-10-01,555000,564000,552000,557000,151263
2013-09-30,550000,560000,548000,557000,153930
2013-09-27,552000,558000,550000,555000,125658
2013-09-26,550000,557000,536000,553000,202230
2013-09-25,555000,561000,549000,555000,219067
2013-09-24,540000,544000,535000,543000,234573
2013-09-23,531000,540000,531000,540000,325632
2013-09-17,521000,530000,520000,524000,172600
2013-09-16,538000,542000,518000,529000,196796
2013-09-13,521000,531000,513000,521000,195561
2013-09-12,523000,535000,522000,525000,348657
2013-09-11,513000,520000,502000,512000,366830
2013-09-10,500000,520000,491500,520000,364769
2013-09-09,460000,494000,460000,486000,399877
2013-09-06,460000,463000,448000,456500,156005
2013-09-05,441000,459500,440500,456500,291195
2013-09-04,442000,448500,432500,437000,277236
2013-09-03,447500,452000,443000,443000,255666
2013-09-02,446500,458500,446500,449500,326841
2013-08-30,474000,474000,446500,446500,745835
2013-08-29,460000,491500,431000,480000,2017204
2013-07-29,300000,302500,288000,293500,1242737
2013-07-26,288500,303000,286500,301000,677933
2013-07-25,278000,285000,276500,280000,387174
2013-07-24,285000,286000,271000,276000,377676
2013-07-23,279000,285500,277500,283500,238297
2013-07-22,286000,286500,277000,277500,210467
2013-07-19,287000,288500,282000,283000,187913
2013-07-18,292000,296500,287500,288000,166698
2013-07-17,292500,295500,288000,293000,120372
2013-07-16,288000,295500,285000,292500,136656
2013-07-15,288500,288500,282000,286500,123407
2013-07-12,287500,290000,284000,290000,151213
2013-07-11,284500,292000,284000,290000,182860
2013-07-10,296500,297000,279000,280000,359608
2013-07-09,294000,295500,287000,295500,107219
2013-07-08,288000,294000,287000,290500,118429
2013-07-05,291000,295000,287000,288000,98377
2013-07-04,291500,292500,285500,290500,148507
2013-07-03,297000,301500,290000,291500,172441
2013-07-02,290500,299500,287500,293000,195690
2013-07-01,288000,293000,284000,290000,135453
2013-06-28,279500,293000,278500,290500,329301
2013-06-27,280000,284500,277000,277000,207246
2013-06-26,276000,278000,271000,276000,173070
2013-06-25,273000,277000,265000,269500,178413
2013-06-24,272500,276500,269000,271000,101871
2013-06-21,263500,275000,263000,275000,164862
2013-06-20,271000,273000,267000,270500,261423
2013-06-19,289500,289500,278000,279500,117820
2013-06-18,280000,288500,273500,287000,218824
2013-06-17,283000,284000,271500,280500,195898
2013-06-14,283000,285500,279500,281000,183941
2013-06-13,290500,291500,279500,279500,381734
2013-06-12,299500,301000,291500,292500,124436
2013-06-11,293500,301000,291500,301000,178071
2013-06-10,290000,297000,288500,295000,116901
2013-06-07,300000,301000,286500,290000,237896
2013-06-05,294500,299500,292500,296000,282101
2013-06-04,298000,300500,292500,292500,222074
2013-06-03,305000,305000,298000,298000,203879
2013-05-31,309000,312000,300500,305000,167897
2013-05-30,315500,316000,305500,307000,281018
2013-05-29,315000,318500,313500,318000,118150
2013-05-28,314500,321000,313000,315000,176356
2013-05-27,309500,314500,309000,312000,93294
2013-05-24,313500,315500,308500,313000,143127
2013-05-23,314500,315500,308000,309000,222132
2013-05-22,320000,321500,316000,317000,201589
2013-05-21,316000,323000,315000,319000,215241
2013-05-20,316000,323500,313000,313000,260980
2013-05-16,297000,320000,296500,315000,444597
2013-05-15,288000,296000,286000,293000,165182
2013-05-14,286000,291500,285000,289000,185666
2013-05-13,290500,293000,281500,292000,242476
2013-05-10,289000,295500,289000,290500,205440
2013-05-09,298500,301000,286000,288500,432735
2013-05-08,295000,302000,295000,300500,129690
2013-05-07,295500,301500,294500,296000,131127
2013-05-06,300500,303500,297000,297000,142560
2013-05-03,303500,305000,296500,299000,183242
2013-05-02,300000,305000,298500,300000,321100
2013-04-30,289500,298500,289000,296000,322792
2013-04-29,289500,289500,285500,287000,130001
2013-04-26,290000,293000,286500,286500,122130
2013-04-25,289000,292000,286500,289500,158445
2013-04-24,296000,296000,288500,289000,278677
2013-04-23,292000,293500,284000,291000,288913
2013-04-22,288000,292000,286500,289000,229738
2013-04-19,288500,296000,288000,291000,208306
2013-04-18,295000,301500,289500,290000,227912
2013-04-17,304500,307000,294000,296000,213209
2013-04-16,289000,305500,286500,304500,272214
2013-04-15,290500,295500,287500,287500,142980
2013-04-12,284000,294500,283000,292500,241296
2013-04-11,274000,282000,270500,280000,145718
2013-04-10,277500,280000,270500,272000,148878
2013-04-09,273500,279000,264500,277000,256436
2013-04-08,289000,289000,274000,277500,247478
2013-04-05,285500,298000,283000,286000,275812
2013-04-04,287500,290500,282500,286500,184308
2013-04-03,289500,291000,280500,287500,238928
2013-04-02,297000,297500,287000,287500,198844
2013-04-01,280000,295500,278500,294000,314672
2013-03-29,272000,280000,270000,277000,236446
2013-03-28,272000,272000,268000,268000,108292
2013-03-27,266500,271000,263000,270000,161527
2013-03-26,271500,272000,266000,266500,118065
2013-03-25,275000,275000,269500,270500,118925
2013-03-22,273500,275500,270000,275000,146499
2013-03-21,273500,275000,269000,271000,130029
2013-03-20,273500,275000,267000,269000,152009
2013-03-19,267000,275000,266500,273000,180963
2013-03-18,264500,269500,261000,264000,124956
2013-03-15,265500,268000,263500,263500,143656
2013-03-14,265000,266000,261000,263000,148740
2013-03-13,261500,264500,257500,264500,206553
2013-03-12,267000,269000,259000,261500,240608
2013-03-11,273000,275500,260000,264000,380835
2013-03-08,272500,277000,269500,274000,148499
2013-03-07,266500,272000,263500,268000,198795
2013-03-06,274000,276000,270000,270000,146199
2013-03-05,280000,282500,274500,274500,197533
2013-03-04,268500,276000,268500,275000,339443
2013-02-28,265500,267000,259000,263000,168840
2013-02-27,267000,267500,261000,264000,88791
2013-02-26,260500,266000,260500,264500,153083
2013-02-25,263500,264500,260000,262500,109979
2013-02-22,263000,267000,261000,263500,197974
2013-02-21,261500,263500,258000,261500,195193
2013-02-20,250000,262500,250000,261500,420102
2013-02-19,247000,249000,244000,248000,123982
2013-02-18,248000,249000,244500,245500,96669
2013-02-15,247000,247000,243000,246500,114908
2013-02-14,245000,248500,241500,243000,181393
2013-02-13,237500,244000,236000,243500,173424
2013-02-12,238000,240500,232000,235000,188535
2013-02-08,235000,241000,235000,236000,365138
2013-02-07,229000,240000,223000,233500,648682
2013-02-06,229500,231000,220500,226500,434189
2013-02-05,235500,239000,229500,231500,395578
2013-02-04,249500,249500,241500,243000,111655
2013-02-01,242000,247000,242000,246000,188395
2013-01-31,243000,246500,239000,241000,218819
2013-01-30,243000,246500,241000,244500,184806
2013-01-29,249500,249500,240000,242500,233354
2013-01-28,249500,251000,246000,249000,136368
2013-01-25,247000,248500,240000,248500,170697
2013-01-24,248500,249000,245000,247000,134116
2013-01-23,246500,250000,244500,247500,198129
2013-01-22,244000,248000,241000,246500,297233
2013-01-21,239000,244000,236000,243000,362382
2013-01-18,236000,237000,232000,237000,185940
2013-01-17,232500,236000,230500,234500,131479
2013-01-16,237000,240000,231000,232000,175902
2013-01-15,233500,237000,229500,234500,239701
2013-01-14,227500,238500,225000,237000,235686
2013-01-11,232000,232500,225500,228500,169467
2013-01-10,232000,234000,225500,229000,233880
2013-01-09,239000,240000,232500,233500,147449
2013-01-08,240000,241500,236000,237000,192986
2013-01-07,229500,240500,229000,240000,401924
2013-01-04,221500,226500,220500,226500,232368
2013-01-03,229000,232000,219000,221000,352606
2013-01-02,230500,232500,227000,227500,154353
2012-12-28,225500,229000,223500,227000,175841
2012-12-27,226000,229000,221500,225000,151319
2012-12-26,233000,233000,225000,226000,158841
2012-12-24,227000,233500,225500,230000,249400
2012-12-21,217500,227000,217500,227000,335479
2012-12-20,234000,234000,215000,216500,646378
2012-12-18,228500,231000,221000,231000,327092
2012-12-17,237000,238500,226500,227000,366942
2012-12-14,237000,241000,234000,236000,264225
2012-12-13,236000,239500,233500,239500,322324
2012-12-12,242000,243500,231000,235000,459559
2012-12-11,239500,244500,239500,242000,193263
2012-12-10,236500,243500,235000,242000,263705
2012-12-07,235000,240000,235000,238000,329197
2012-12-06,253000,253000,232500,233000,673694
2012-12-05,263500,266000,250000,253000,399243
2012-12-04,260000,265500,258000,263500,177364
2012-12-03,255500,262000,253000,262000,154943
2012-11-30,252500,258000,252000,252000,219027
2012-11-29,258500,258500,251000,254000,224826
2012-11-28,256000,257500,250000,256000,259532
2012-11-27,265000,267000,255000,257500,308122
2012-11-26,266000,267000,261500,265000,142098
2012-11-23,260500,266500,260000,265500,281164
2012-11-22,264500,264500,259000,262000,189836
2012-11-21,265000,266500,259000,261500,322887
2012-11-20,254000,262500,254000,262500,343760
2012-11-19,242000,247500,241500,247000,91747
2012-11-16,241000,244500,238000,244000,193155
2012-11-15,231500,241500,230500,241000,328412
2012-11-14,254000,254000,232500,236000,581155
2012-11-13,258000,258000,250000,251000,165139
2012-11-12,257500,258000,252000,257000,172243
2012-11-09,259000,260000,253000,254500,244695
2012-11-08,256000,262000,255000,260000,388375
2012-11-07,255000,260000,252000,253500,189358
2012-11-06,255000,257000,253000,254500,150275
2012-11-05,249500,255500,249000,255000,199285
2012-11-02,255000,255000,249000,249000,167032
2012-11-01,252000,254000,248500,253000,213488
2012-10-31,249000,256000,248000,252500,147764
2012-10-30,252000,252500,245000,247500,200028
2012-10-29,252000,252500,248500,249500,159723
2012-10-26,255000,256500,244000,249000,629235
2012-10-25,259500,265000,257500,264000,183420
2012-10-24,252500,265000,251500,259500,447798
2012-10-23,257000,260500,251000,255000,253772
2012-10-22,251000,260000,250500,260000,194521
2012-10-19,253500,260500,250500,256500,409760
2012-10-18,269500,271000,255000,256000,534107
2012-10-17,277000,277500,269500,269500,233118
2012-10-16,276500,280000,271000,277500,162048
2012-10-15,271000,276500,270000,276000,247899
2012-10-12,275500,277000,269500,269500,221422
2012-10-11,269500,280500,269500,277000,321375
2012-10-10,273000,277000,271000,271500,197651
2012-10-09,278000,280000,275000,275000,191400
2012-10-08,282000,284000,275500,278000,224915
2012-10-05,279000,284500,275500,283000,283092
2012-10-04,278000,281000,274000,275000,301792
2012-10-02,290500,291000,279500,279500,230209
2012-09-28,276500,292500,274500,290500,324591
2012-09-27,269500,280000,269500,276500,99691
2012-09-26,273000,274000,269000,270500,144666
2012-09-25,285500,291500,273500,275000,221224
2012-09-24,278000,289500,276000,284500,160261
2012-09-21,278000,281500,275000,277000,134241
2012-09-20,274000,280000,272000,277000,112264
2012-09-19,271500,278000,270000,272000,153661
2012-09-18,267000,271000,266500,269000,99900
2012-09-17,275000,276000,265500,267000,273951
2012-09-14,276500,281000,275500,279500,265522
2012-09-13,277000,278500,274000,277000,219129
2012-09-12,265500,278000,265000,277500,295660
2012-09-11,260500,266000,258000,265000,87697
2012-09-10,265000,265500,259500,259500,77280
2012-09-07,268000,271500,262500,263500,155430
2012-09-06,261000,267500,260500,267500,148116
2012-09-05,265000,268500,260000,260000,124983
2012-09-04,257000,267500,255500,265000,223238
2012-09-03,259000,261500,252000,260000,142407
2012-08-31,263000,263500,259500,259500,139635
2012-08-30,257000,263500,255500,263000,195944
2012-08-29,261000,263000,256000,259000,260370
2012-08-28,268000,270500,261000,261000,164766
2012-08-27,263000,266000,262500,265500,152207
2012-08-24,261500,265000,257000,259000,248276
2012-08-23,263000,268000,263000,267000,253721
2012-08-22,263500,265000,261000,261500,147866
2012-08-21,263500,264500,259500,262000,162304
2012-08-20,259000,263000,258000,262500,155184
2012-08-17,257000,258500,255000,257000,174429
2012-08-16,257000,259000,254000,257000,223420
2012-08-14,249000,254000,248000,254000,411799
2012-08-13,250500,252000,243500,246500,417887
2012-08-10,259500,260500,249500,250500,612212
2012-08-09,263000,265000,256500,263500,432145
2012-08-08,262500,265500,261000,264000,266010
2012-08-07,268500,269000,258500,262500,337262
2012-08-06,276500,278000,267500,272000,202742
2012-08-03,275500,282500,273000,274000,150829
2012-08-02,279000,285000,272500,273500,119012
2012-08-01,272000,281000,272000,277000,99780
2012-07-31,267500,285500,264000,275000,225463
2012-07-30,273000,275000,266000,269500,195432
2012-07-27,262000,275500,261500,275000,211802
2012-07-26,264000,267000,259500,259500,187510
2012-07-25,264000,270000,263500,267000,100587
2012-07-24,271500,272500,263000,268500,183235
2012-07-23,264000,271500,260000,271000,138727
2012-07-20,267000,272500,265500,266000,167126
2012-07-19,258500,269000,255500,269000,229208
2012-07-18,250500,256500,248000,254000,90285
2012-07-17,256000,257000,250000,250500,91397
2012-07-16,258500,260000,252500,253000,95484
2012-07-13,251000,256500,248500,254000,181243
2012-07-12,254000,258000,246500,246500,148857
2012-07-11,252000,256000,251000,253500,111000
2012-07-10,257500,259500,249500,254000,270389
2012-07-09,257500,264000,252500,263500,207638
2012-07-06,261000,261000,254000,257500,152089
2012-07-05,255000,261000,255000,261000,111451
2012-07-04,250000,258500,249500,257500,287912
2012-07-03,243500,250000,243500,247000,171633
2012-07-02,245000,246500,242500,244000,156241
2012-06-29,241500,250000,241500,250000,140439
2012-06-28,244000,249000,240500,245000,166427
2012-06-27,234000,242500,230000,242500,212203
2012-06-26,235000,236500,230000,234000,176299
2012-06-25,240000,240500,234500,236000,148412
2012-06-22,248500,248500,238000,240500,222822
2012-06-21,245500,251500,245500,249000,92460
2012-06-20,250000,250500,247500,247500,67134
2012-06-19,243500,249000,243500,246500,116511
2012-06-18,244500,246500,240500,242500,123338
2012-06-15,246000,246500,240500,243000,111840
2012-06-14,245000,249000,240000,245000,207760
2012-06-13,246000,247000,242500,245000,94052
2012-06-12,241000,247500,241000,244500,136690
2012-06-11,250000,252000,239000,241000,190232
2012-06-08,242500,251500,242000,249000,169662
2012-06-07,242500,249000,240000,242000,179450
2012-06-05,236000,241500,234500,236000,144067
2012-06-04,235000,236500,229000,236000,220341
2012-06-01,237500,243000,236000,240000,143089
2012-05-31,236500,242500,232000,242500,194855
2012-05-30,229000,235500,225000,235500,148698
2012-05-29,229000,229500,223500,226500,146686
2012-05-25,234000,235000,227500,230000,123982
2012-05-24,230500,235000,227000,234000,126280
2012-05-23,234000,234500,226000,230000,143486
2012-05-22,230000,232000,221500,229000,182066
2012-05-21,228000,236000,226500,229000,169040
2012-05-18,223000,230500,215500,224000,228553
2012-05-17,225500,228500,221500,222500,179232
2012-05-16,231500,232000,225000,227000,192798
2012-05-15,236500,241500,230500,232000,139913
2012-05-14,240000,245500,238500,238500,170981
2012-05-11,242500,245000,235000,239500,179780
2012-05-10,250000,255500,242000,245000,211678
2012-05-09,238500,254500,238000,254500,242791
2012-05-08,243000,244500,234000,238500,294045
2012-05-07,246000,250000,241000,244000,163528
2012-05-04,255500,255500,246000,247000,204030
2012-05-03,250000,255000,246000,255000,170881
2012-05-02,255500,256000,250000,250000,142556
2012-04-30,251500,258000,248500,256000,173421
2012-04-27,256000,256000,247500,251500,197290
2012-04-26,260000,260000,251500,257500,121368
2012-04-25,251000,258000,250500,255500,96257
2012-04-24,263500,263500,249500,249500,173105
2012-04-23,269500,271500,257000,262000,123321
2012-04-20,269500,270000,266000,267000,63801
2012-04-19,264500,271000,263500,269000,135919
2012-04-18,264000,265500,259500,263500,110168
2012-04-17,258500,264000,258000,262500,85503
2012-04-16,259000,261500,254500,259000,94272
2012-04-13,265000,265500,257000,262000,170865
2012-04-12,260000,265000,253000,264500,236110
2012-04-10,268000,275000,260500,265000,124436
2012-04-09,272000,272500,266500,268500,92307
2012-04-06,274000,274000,266000,272000,117624
2012-04-05,258000,274000,256000,274000,239742
2012-04-04,262500,264000,252500,253500,136534
2012-04-03,259000,268500,257500,261000,158773
2012-04-02,265000,267000,256000,259000,134968
2012-03-30,258500,262000,253500,260000,123135
2012-03-29,261500,261500,252000,253500,148429
2012-03-28,265000,265000,255500,261500,224383
2012-03-27,257500,267000,255000,265500,251229
2012-03-26,250000,257500,210000,251000,229354
2012-03-23,242000,251000,241500,246500,152713
2012-03-22,250500,251000,235000,244500,212263
2012-03-21,240500,249500,239000,249500,189772
2012-03-20,238000,245500,237000,239000,197528
2012-03-19,235000,240500,235000,238500,105334
2012-03-16,237000,239000,235000,235000,111223
2012-03-15,236000,239500,235000,237000,101309
2012-03-14,238500,242500,235500,236000,149737
2012-03-13,242500,246000,238500,238500,147691
2012-03-12,232000,242000,231500,241500,151783
2012-03-09,229000,235000,228000,233000,164568
2012-03-08,235500,236000,227000,227000,210695
2012-03-07,234000,236000,231000,235500,116574
2012-03-06,234000,236000,227500,233000,143929
2012-03-05,233500,235000,230500,232500,103063
2012-03-02,234500,238000,226500,237500,268484
2012-02-29,231000,234500,228000,233500,151417
2012-02-28,235000,238000,230500,232500,147756
2012-02-27,240000,240000,230500,238000,186157
2012-02-24,235500,240000,232500,237500,232874
2012-02-23,233500,240000,231500,240000,336391
2012-02-22,224000,236500,222500,231000,333602
2012-02-21,216500,223000,216500,223000,125987
2012-02-20,219500,221500,216000,216500,117125
2012-02-17,223500,225000,219500,219500,141783
2012-02-16,223500,227000,220500,221000,131659
2012-02-15,222000,225000,219000,225000,168519
2012-02-14,217000,220500,214500,219000,139532
2012-02-13,217500,221000,215000,217500,131803
2012-02-10,211000,219500,208000,217500,285820
2012-02-09,215000,217000,209000,212500,249585
2012-02-08,217000,219000,212000,213000,207722
2012-02-07,220500,220500,214000,218500,175645
2012-02-06,218500,221000,217000,220500,193416
2012-02-03,213500,218000,212000,217500,219371
2012-02-02,211000,214500,209000,210500,229714
2012-02-01,212500,216000,208000,210000,256055
2012-01-31,215500,216500,208000,212000,226416
2012-01-30,217000,219500,210500,211000,238520
2012-01-27,221000,221000,214000,216500,174247
2012-01-26,218000,221500,215000,220000,157145
2012-01-25,224500,225000,217000,217000,244822
2012-01-20,228000,228500,221000,223500,248919
2012-01-19,229500,230500,226500,229500,149869
2012-01-18,225500,227500,224000,227500,186755
2012-01-17,222000,224500,220500,224000,121874
2012-01-16,223500,224000,214000,220000,115124
2012-01-13,222500,224000,219500,222000,115269
2012-01-12,221500,222000,218500,222000,130506
2012-01-11,216500,221000,216000,220000,119314
2012-01-10,218500,221000,216000,216000,123401
2012-01-09,214500,220000,211500,216000,99557
2012-01-06,220500,221500,213000,216500,117298
2012-01-05,220000,221500,216500,216500,122470
2012-01-04,223500,223500,217000,219500,114751
2012-01-03,209500,219500,209500,219500,123184
2012-01-02,209000,214000,207500,209000,79544
2011-12-29,209000,213500,207000,211000,121805
2011-12-28,220000,220000,209000,210000,145992
2011-12-27,215500,221500,212000,217000,95358
2011-12-26,222000,222000,215000,215500,60768
2011-12-23,221000,223500,217000,219500,136775
2011-12-22,222000,224000,216500,221000,67334
2011-12-21,207000,222000,206500,222000,232840
2011-12-20,214000,214000,201500,202000,212497
2011-12-19,216500,218500,198500,209500,281662
2011-12-16,217000,220500,211000,217500,160629
2011-12-15,218000,223000,216000,216000,120943
2011-12-14,227500,227500,217500,218000,142522
2011-12-13,225000,229000,223000,227500,108072
2011-12-12,219000,228000,217500,227000,161235
2011-12-09,222000,223000,215000,216000,234282
2011-12-08,221000,227000,221000,225000,209535
2011-12-07,231500,233000,220500,222000,348175
2011-12-06,230000,234000,229500,231500,224532
2011-12-05,230500,232000,227000,231500,166913
2011-12-02,227000,230000,225000,229000,347672
2011-12-01,254000,254000,219500,227000,969540
2011-11-30,248000,251500,246500,248000,155922
2011-11-29,247500,255000,246000,251500,150303
2011-11-28,248500,252000,242000,247500,111799
2011-11-25,240000,247000,236500,245500,133533
2011-11-24,237000,244000,234500,238000,92689
2011-11-23,245500,245500,233000,234500,118650
2011-11-22,229000,245500,229000,242500,131553
2011-11-21,239500,239500,230000,233000,108165
2011-11-18,241000,244000,237500,237500,156420
2011-11-17,245000,247000,239000,247000,88115
2011-11-16,251500,253000,240000,242000,147909
2011-11-15,242500,251000,242000,247500,193957
2011-11-14,240000,244000,239500,241000,120500
2011-11-11,233500,241000,229500,237000,146972
2011-11-10,235500,243500,231000,231000,273603
2011-11-09,232500,243000,232500,243000,183927
2011-11-08,229500,234500,227500,231500,75285
2011-11-07,236000,241000,226500,229000,161409
2011-11-04,234000,234000,229500,233500,114963
2011-11-03,232500,233500,227000,228000,130947
2011-11-02,229000,235500,228000,233000,145639
2011-11-01,234500,235000,228500,230000,121850
2011-10-31,228500,233000,226000,233000,137610
2011-10-28,237000,239000,223500,231500,431059
2011-10-27,238500,245000,237500,237500,239865
2011-10-26,240500,242500,234000,236500,174264
2011-10-25,240000,245000,235500,240500,170622
2011-10-24,237000,241000,233000,241000,250902
2011-10-21,237500,242000,231500,234000,371320
2011-10-20,254000,255500,236000,237500,368100
2011-10-19,247000,260500,242000,255000,278364
2011-10-18,247000,256000,244500,246000,237059
2011-10-17,247000,257500,244500,249500,310076
2011-10-14,233500,250000,232000,245000,391860
2011-10-13,231000,241500,230000,230000,265876
2011-10-12,224500,233500,224000,231500,152296
2011-10-11,225500,230000,219500,225000,288024
2011-10-10,218500,227000,218500,225000,149310
2011-10-07,234000,240000,220000,221500,477033
2011-10-06,239000,239000,231500,236500,256652
2011-10-05,231500,242000,225500,232000,382889
2011-10-04,223500,234000,223000,227000,317473
2011-09-30,221000,240500,218000,227000,278410
2011-09-29,217500,226500,214500,221000,161774
2011-09-28,215000,221000,211500,217500,149464
2011-09-27,214500,219500,206500,216000,247218
2011-09-26,217000,221500,203500,212500,274987
2011-09-23,221000,226500,213500,215500,262233
2011-09-22,222500,229500,220500,225000,189903
2011-09-21,215500,228000,213500,225000,261920
2011-09-20,210500,219500,208500,217500,174150
2011-09-19,208500,213000,206000,210500,164509
2011-09-16,208000,213000,205500,206000,193436
2011-09-15,207500,211000,202500,205000,151784
2011-09-14,208000,208000,199000,203500,218151
2011-09-09,209000,211500,204500,207500,175933
2011-09-08,217500,219000,208000,212000,310335
2011-09-07,219000,220000,213500,219500,260328
2011-09-06,210500,222500,210000,216000,404921
2011-09-05,210000,217000,206500,212500,239549
2011-09-02,206000,218000,205000,210500,264961
2011-09-01,208500,217500,206000,207500,314563
2011-08-31,197000,210000,195000,208000,273203
2011-08-30,191000,199000,190000,195000,186288
2011-08-29,194000,195000,189500,190000,188333
2011-08-26,194500,197000,189500,193000,197069
2011-08-25,198000,205000,197000,198000,196461
2011-08-24,194000,204500,188000,200000,266018
2011-08-23,195000,197500,189000,194000,263697
2011-08-22,188000,196500,179000,191000,233441
2011-08-19,188500,199500,185500,186500,460357
2011-08-18,180500,192000,179500,190500,565776
2011-08-17,177500,183000,173000,178000,434870
2011-08-16,182000,182500,176500,177500,431823
2011-08-12,190000,191500,177000,177500,643700
2011-08-11,178000,202000,178000,189500,579856
2011-08-10,182000,193500,180000,191500,486373
2011-08-09,188000,189000,168500,175000,476962
2011-08-08,194000,203000,189000,190000,277829
2011-08-05,206000,206000,190000,199500,340194
2011-08-04,210500,217000,205000,207500,290370
2011-08-03,211000,217500,207500,211500,247567
2011-08-02,213000,217500,210000,213500,146700
2011-08-01,210500,218000,210500,213000,229022
2011-07-29,214000,215500,210000,210000,167074
2011-07-28,214500,220500,213500,214000,183246
2011-07-27,213000,219500,207000,218000,183707
2011-07-26,206000,215000,203000,212500,289461
2011-07-25,207000,208000,203000,206500,114235
2011-07-22,209500,213000,206000,209500,229521
2011-07-21,204500,210500,203000,210000,386071
2011-07-20,202000,208500,200000,201000,394577
2011-07-19,196000,206500,195500,202000,655751
2011-07-18,189500,196000,188500,195500,415382
2011-07-15,184500,189000,184500,187500,233151
2011-07-14,188000,189000,182000,184500,234104
2011-07-13,186500,190500,185500,188000,176517
2011-07-12,189000,191000,185500,185500,115540
2011-07-11,192500,192500,188500,190500,102675
2011-07-08,192500,193000,191000,192000,141345
2011-07-07,189500,191000,188000,191000,222647
2011-07-06,190000,191500,188000,189000,162146
2011-07-05,188000,190000,187000,189500,171800
2011-07-04,190500,191000,185500,187500,311029
2011-07-01,192000,192500,189000,189000,131964
2011-06-30,191000,192500,189000,189000,111118
2011-06-29,192500,193000,188500,192000,133628
2011-06-28,191000,192500,190000,191500,75415
2011-06-27,192500,192500,188500,190000,111001
2011-06-24,191000,193500,190000,193000,164669
2011-06-23,196500,199000,191500,191500,185224
2011-06-22,199500,199500,197000,199500,106595
2011-06-21,198000,200000,195500,197500,75398
2011-06-20,192500,199000,191500,197500,116262
2011-06-17,193000,195500,192000,193000,104133
2011-06-16,195000,195000,191500,193000,91231
2011-06-15,200500,200500,192000,196000,186775
2011-06-14,200000,201500,197000,200000,194584
2011-06-13,189000,200000,187500,200000,363469
2011-06-10,190500,191500,187000,188000,121496
2011-06-09,197000,197000,189000,189500,129491
2011-06-08,194500,196000,192500,195000,174837
2011-06-07,190000,193500,186000,192500,222102
2011-06-03,190500,193000,189000,191500,135031
2011-06-02,192000,192500,189000,190000,120068
2011-06-01,193500,193500,189000,193500,117434
2011-05-31,188500,194500,188500,192000,166152
2011-05-30,189500,191000,187500,188500,62868
2011-05-27,188000,191500,188000,189000,70062
2011-05-26,194000,194500,188500,189000,115215
2011-05-25,188500,192500,186500,192000,171996
2011-05-24,191500,192000,188500,188500,91714
2011-05-23,192000,193000,188000,189000,91456
2011-05-20,193000,195500,193000,194000,117220
2011-05-19,195000,195500,192000,195000,270944
2011-05-18,201500,202000,191500,192500,450232
2011-05-17,202000,205000,201000,201500,156215
2011-05-16,200000,203000,200000,200500,118454
2011-05-13,200500,202500,200000,200000,71479
2011-05-12,207000,207000,200000,200000,251694
2011-05-11,213000,213000,208500,209500,137880
2011-05-09,210000,212000,207500,208000,107200
2011-05-06,209500,212500,208500,210500,105933
2011-05-04,218500,218500,209500,212500,186394
2011-05-03,215500,219000,215000,217000,104495
2011-05-02,212500,218500,212500,218500,192818
2011-04-29,210000,212500,207000,212500,179874
2011-04-28,215000,216000,210000,210000,203026
2011-04-27,209000,214000,209000,214000,245325
2011-04-26,206500,208500,205000,208500,155236
2011-04-25,205500,206500,202500,203000,85800
2011-04-22,205500,207500,202500,207000,88986
2011-04-21,205000,208500,205000,207500,173098
2011-04-20,199500,204000,198500,204000,191011
2011-04-19,193500,200000,193500,198500,204820
2011-04-18,201000,201000,190000,193000,240572
2011-04-15,197000,200000,196500,200000,182481
2011-04-14,195500,198500,193000,198000,164013
2011-04-13,195500,198500,193500,196000,174205
2011-04-12,204000,204500,195000,195500,173874
2011-04-11,200000,204500,199500,204000,304123
2011-04-08,200500,203000,197500,197500,185306
2011-04-07,203500,204500,200500,201500,103313
2011-04-06,205000,205500,201500,205500,140639
2011-04-05,201500,206000,199500,205500,131318
2011-04-04,204500,208500,202500,205000,172957
2011-04-01,194000,205000,193500,204500,447018
2011-03-31,189500,193000,189000,191500,217500
2011-03-30,184500,190500,184500,190500,241228
2011-03-29,185500,187500,184500,187000,176506
2011-03-28,190000,190000,184000,185500,198672
2011-03-25,193500,194500,187000,188000,331057
2011-03-24,194500,195000,192500,193500,113930
2011-03-23,192000,195000,190500,194500,195433
2011-03-22,190000,192000,189000,190500,96341
2011-03-21,187000,191500,186000,191500,120459
2011-03-18,185500,188500,183500,187500,172755
2011-03-17,187500,187500,181000,187000,206527
2011-03-16,185000,189000,184000,188000,156947
2011-03-15,185500,186500,179500,182000,201414
2011-03-14,186000,186000,176000,185000,209362
2011-03-11,189000,189500,185000,185000,160614
2011-03-10,187000,189500,186500,189000,182788
2011-03-09,187500,189000,186000,188000,110250
2011-03-08,185000,189500,185000,187500,86380
2011-03-07,192500,193500,185000,186000,167731
2011-03-04,190500,192500,188500,192500,111718
2011-03-03,190500,191000,188500,190500,93261
2011-03-02,188500,189500,185000,189000,122640
2011-02-28,187500,190000,186500,189500,188563
2011-02-25,185500,187000,185000,186000,79426
2011-02-24,189500,189500,185000,186000,97643
2011-02-23,183000,190500,182500,189500,209978
2011-02-22,184500,187500,181000,181500,257737
2011-02-21,195500,195500,183500,185500,413673
2011-02-18,193500,195000,186000,193500,343715
2011-02-17,190000,193500,188500,192000,166713
2011-02-16,185000,189500,185000,187000,184169
2011-02-15,191000,191000,186000,187000,297334
2011-02-14,188500,192000,187500,189500,238388
2011-02-11,202500,202500,187000,187000,458373
2011-02-10,204000,205500,199500,200000,230847
2011-02-09,202000,209000,201000,206500,336562
2011-02-08,205500,206000,203000,203500,124733
2011-02-07,203000,205000,201000,204000,239386
2011-02-01,201000,205000,196500,197000,197852
2011-01-31,202000,202000,193500,200000,226276
2011-01-28,205500,206000,202500,203000,145176
2011-01-27,203500,208000,201500,204000,278026
2011-01-26,208000,210000,204500,205000,145783
2011-01-25,207500,209500,204000,206000,270864
2011-01-24,209500,216000,207500,210000,433969
2011-01-21,205000,206500,202500,205000,214248
2011-01-20,201000,205500,201000,204000,305945
2011-01-19,203500,205000,198000,199500,476223
2011-01-18,212000,212500,203500,206000,428834
2011-01-17,209500,214500,209000,211000,515366
2011-01-14,203500,207500,202500,207000,398533
2011-01-13,209000,209500,199500,202500,789329
2011-01-12,213500,214500,205500,208500,469433
2011-01-11,217000,217000,210000,211500,269868
2011-01-10,225000,226000,214000,215000,259702
2011-01-07,221500,227500,221500,225000,202430
2011-01-06,224500,225500,219500,221500,117145
2011-01-05,219000,227500,219000,222500,155467
2011-01-04,223500,225500,217000,221500,151789
2011-01-03,229000,229500,220000,221500,150907
2010-12-30,220000,229000,219500,227000,289386
2010-12-29,211000,218500,210500,218000,138402
2010-12-28,207000,217000,206000,211500,155091
2010-12-27,204000,206000,201000,205500,70423
2010-12-24,211000,213000,203500,205000,98448
2010-12-23,210000,211500,207500,210000,116039
2010-12-22,205000,209500,203500,209000,161852
2010-12-21,213000,213000,204000,205000,211254
2010-12-20,204000,211000,203000,210000,378777
2010-12-17,199000,205500,198500,203500,352853
2010-12-16,193500,197500,192500,197500,174436
2010-12-15,194000,194000,190500,193500,217927
2010-12-14,194000,195500,192000,193000,202313
2010-12-13,192000,192000,190000,190500,90619
2010-12-10,192500,193000,190000,191000,90214
2010-12-09,191000,192500,189500,192500,200884
2010-12-08,189500,192000,188500,190000,151629
2010-12-07,186000,189000,186000,188500,144570
2010-12-06,189000,189500,185000,186000,158168
2010-12-03,193500,193500,188000,189500,205714
2010-12-02,194000,195500,190500,193000,212024
2010-12-01,198000,198000,192000,193500,133660
2010-11-30,192500,199500,191000,196000,262411
2010-11-29,189500,195000,189000,191000,149096
2010-11-26,193500,195500,188000,188500,123700
2010-11-25,195000,196500,192000,193500,132374
2010-11-24,194500,196500,192500,195000,179786
2010-11-23,193500,199500,191500,199000,257163
2010-11-22,194000,196000,191000,192500,141714
2010-11-19,191000,193000,190000,193000,120667
2010-11-18,192000,195000,190000,190500,153736
2010-11-17,192000,194000,191000,191500,98617
2010-11-16,196000,197000,192000,194500,191394
2010-11-15,190000,195000,189000,193000,125868
2010-11-12,190000,193500,187000,188500,244290
2010-11-11,195500,197500,186000,186000,340847
2010-11-10,196000,198000,192500,194500,167166
2010-11-09,197000,198500,194500,195500,104502
2010-11-08,200500,202500,195000,196000,153693
2010-11-05,196500,203000,195500,202000,225663
2010-11-04,197000,198000,193500,194000,181354
2010-11-03,200000,201500,195000,197000,220807
2010-11-02,194000,199000,193500,197500,254533
2010-11-01,199000,199500,190500,193000,405935
2010-10-29,208500,208500,199000,199500,238038
2010-10-28,204000,208000,203500,207500,83112
2010-10-27,209000,209000,204500,205500,154365
2010-10-26,204500,208500,204000,207500,186154
2010-10-25,203500,206000,202000,205500,177141
2010-10-22,206000,206500,203000,204000,121944
2010-10-21,209500,210000,202000,203500,207201
2010-10-20,210000,210000,205500,208500,229417
2010-10-19,205000,215000,203500,208000,220464
2010-10-18,205500,211000,202500,202500,207328
2010-10-15,208000,208000,203500,204500,154942
2010-10-14,208500,211000,200000,206000,265794
2010-10-13,214500,215000,207500,208500,80569
2010-10-12,215000,216000,207000,213500,147662
2010-10-11,215000,219000,212500,214000,146894
2010-10-08,214500,215000,208000,212000,170258
2010-10-07,212500,214500,212500,214500,92673
2010-10-06,213500,214500,210500,214500,208413
2010-10-05,209000,214000,206500,214000,275275
2010-10-04,202000,208500,200500,207000,230514
2010-10-01,198000,202000,197000,200500,307658
2010-09-30,202500,204500,194000,196000,375337
2010-09-29,210500,211500,203500,203500,215260
2010-09-28,208000,214000,208000,211500,268685
2010-09-27,202000,210000,200000,209500,267000
2010-09-24,199000,202500,198000,201500,282016
2010-09-20,198000,200000,196000,197500,85882
2010-09-17,194500,200000,193500,197000,213701
2010-09-16,195500,196000,191500,193000,168169
2010-09-15,195000,197000,193000,195500,141223
2010-09-14,198500,199500,193000,195000,171789
2010-09-13,200000,202500,197000,199500,141045
2010-09-10,198000,202500,196500,200000,319514
2010-09-09,195500,199000,192500,199000,233732
2010-09-08,191000,196500,190000,195500,206446
2010-09-07,193000,193500,189500,190000,84850
2010-09-06,193000,195500,191000,191500,147373
2010-09-03,191500,195000,191000,194000,171258
2010-09-02,195000,196000,188500,190000,253796
2010-09-01,198000,199000,191000,194000,234199
2010-08-31,196000,199000,193000,196500,334464
2010-08-30,190500,193000,190000,191000,76747
2010-08-27,194000,194000,190000,190000,87841
2010-08-26,191000,194500,190500,194000,187973
2010-08-25,191000,191500,189000,189500,101006
2010-08-24,187000,192500,182500,192500,257643
2010-08-23,187000,188000,185500,186000,187554
2010-08-20,185500,187500,184000,186000,160333
2010-08-19,188500,188500,184000,185500,269176
2010-08-18,189000,191000,187500,188500,167899
2010-08-17,188000,190000,186500,189000,76301
2010-08-16,190000,190000,184000,186500,194679
2010-08-13,189500,191000,188000,190000,81388
2010-08-12,189000,191000,188500,189500,161052
2010-08-11,190500,193000,190000,190500,75097
2010-08-10,195000,195000,190000,192000,132672
2010-08-09,190000,194000,190000,194000,174994
2010-08-06,190000,191500,188000,189500,164398
2010-08-05,191000,191500,189500,190000,233315
2010-08-04,185000,190500,185000,190000,360295
2010-08-03,185000,186000,182000,183500,228471
2010-08-02,185500,188500,184000,184500,226595
2010-07-30,187500,190000,183500,184000,205298
2010-07-29,192000,192000,185000,187500,274095
2010-07-28,192000,193500,190000,190000,141533
2010-07-27,195000,195500,189500,190000,196551
2010-07-26,196000,197000,193500,196000,192581
2010-07-23,190500,194500,190500,194500,196760
2010-07-22,190000,192500,187000,188000,181287
2010-07-21,193000,194000,188500,191500,213841
2010-07-20,194000,195500,191500,192000,185859
2010-07-19,197500,198000,194000,194000,168953
2010-07-16,192000,198500,191500,198000,228180
2010-07-15,194500,195000,191000,192000,245129
2010-07-14,194000,197000,193500,194500,255434
2010-07-13,198000,199500,194500,195000,228998
2010-07-12,198000,201000,196000,197000,203625
2010-07-09,195500,198500,192500,198000,161076
2010-07-08,196000,197500,190500,194500,229825
2010-07-07,203000,203000,193000,194500,503443
2010-07-06,194500,203000,193000,203000,454769
2010-07-05,189500,196500,189000,194500,399103
2010-07-02,188500,190500,186500,187500,119978
2010-07-01,185000,191000,183500,188500,292405
2010-06-30,180000,184000,179500,183500,129190
2010-06-29,184000,185500,181000,181000,95707
2010-06-28,182000,183500,180000,182500,117109
2010-06-25,186000,186000,181000,182000,171883
2010-06-24,187000,189000,186000,186500,110798
2010-06-23,187500,190500,185000,187000,167986
2010-06-22,186500,190500,185000,190000,143111
2010-06-21,186000,190000,185000,188500,213090
2010-06-18,187000,189500,183500,184500,215704
2010-06-17,189000,189000,185000,185000,196635
2010-06-16,193000,193500,188000,189500,123392
2010-06-15,191500,193000,189000,190500,148157
2010-06-14,189000,195000,188000,193000,283900
2010-06-11,183000,187000,182500,187000,207069
2010-06-10,186500,186500,181000,181000,174312
2010-06-09,182500,184500,180000,184500,139689
2010-06-08,180000,182500,179000,182000,102499
2010-06-07,181500,183000,178000,179000,170414
2010-06-04,180500,183000,180000,183000,151000
2010-06-03,180500,180500,177500,180500,181725
2010-06-01,177000,180500,175500,179000,225084
2010-05-31,174000,177500,173500,174000,218955
2010-05-28,173000,174000,170500,173000,256507
2010-05-27,172000,173000,169500,170000,261449
2010-05-26,174000,175000,171500,174500,290635
2010-05-25,175500,177500,170500,174500,204822
2010-05-24,178000,184500,175500,176500,169139
2010-05-20,174000,180000,174000,180000,106252
2010-05-19,179000,180500,175000,175500,131300
2010-05-18,178000,180000,174000,177500,120791
2010-05-17,180500,183000,175000,179500,169832
2010-05-14,182000,183000,181500,182000,166041
2010-05-13,182000,183500,182000,182000,112596
2010-05-12,180500,184500,180500,182000,212690
2010-05-11,179000,180500,176000,178500,193773
2010-05-10,176000,179000,176000,177500,194543
2010-05-07,174000,179000,174000,175500,277821
2010-05-06,171500,181000,171000,180500,401436
2010-05-04,181000,182000,172500,174500,468379
2010-05-03,185000,187500,179000,180000,378584
2010-04-30,190500,190500,185500,185500,171491
2010-04-29,191000,191000,186000,190000,212501
2010-04-28,187000,192500,186000,191000,247448
2010-04-27,188500,191500,187000,191000,155611
2010-04-26,185500,189500,185500,189000,143996
2010-04-23,187000,187000,183500,185000,112539
2010-04-22,187000,187000,183000,185000,160127
2010-04-21,183500,189000,183000,186500,473560
2010-04-20,184500,184500,181000,181500,275700
2010-04-19,188000,188000,182500,183500,153660
2010-04-16,193000,193500,185500,188000,249790
2010-04-15,194500,195500,191000,195000,175530
2010-04-14,196000,198500,194000,195500,201976
2010-04-13,195000,195500,192000,195500,291265
2010-04-12,188500,191500,188000,190000,120030
2010-04-09,192000,193000,187500,190000,208723
2010-04-08,191500,194500,191000,194000,167024
2010-04-07,191000,197000,190500,191000,331406
2010-04-06,191000,193000,188500,191000,194438
2010-04-05,185000,190500,185000,189000,197336
2010-04-02,186500,187500,183500,185000,126642
2010-04-01,181000,188500,180000,187500,309217
2010-03-31,181500,182000,179000,180000,295105
2010-03-30,188500,189500,179000,181000,258768
2010-03-29,188500,190000,187000,188500,69288
2010-03-26,192000,192000,187500,189000,149371
2010-03-25,190000,191000,187000,190000,151485
2010-03-24,189000,192000,188000,188500,87641
2010-03-23,186000,190000,185500,190000,207724
2010-03-22,187500,188000,183500,184000,144183
2010-03-19,184000,186500,183500,186000,84313
2010-03-18,187000,189500,183000,183000,221625
2010-03-17,189500,190000,188000,189500,103723
2010-03-16,183500,188000,182500,188000,141252
2010-03-15,189500,190000,183500,184000,102211
2010-03-12,189500,190000,183000,189000,174433
2010-03-11,188500,190000,186500,189000,175416
2010-03-10,192000,193000,186500,187000,168140
2010-03-09,192000,192000,188000,192000,139586
2010-03-08,189500,191500,187500,191500,281995
2010-03-05,185000,189000,184500,185000,150568
2010-03-04,184500,188000,183500,185000,107668
2010-03-03,189000,190000,182500,183000,173782
2010-03-02,185500,189000,183000,188500,259144
2010-02-26,180000,183500,177500,181000,150806
2010-02-25,178000,180500,176500,180500,178276
2010-02-24,173000,179000,173000,178000,93099
2010-02-23,176000,178500,176000,176000,80508
2010-02-22,174500,178000,174000,176000,175137
2010-02-19,171500,174000,169500,172000,169315
2010-02-18,176000,177000,172500,172500,126338
2010-02-17,178500,179500,173500,177000,252423
2010-02-16,174500,179000,173000,176500,230074
2010-02-12,172000,175500,170000,173500,472556
2010-02-11,162500,167000,162000,167000,294571
2010-02-10,166500,166500,161000,161000,262569
2010-02-09,167000,169500,162000,164000,327439
2010-02-08,167500,173000,167000,169500,123568
2010-02-05,166000,170000,165500,167000,220628
2010-02-04,168500,174000,168000,172000,560018
2010-02-03,168500,170500,163500,166500,575747
2010-02-02,170000,172500,167000,168500,250995
2010-02-01,172500,172500,165500,168500,310732
2010-01-29,181500,182500,170000,173000,361078
2010-01-28,184500,189500,181000,182000,240570
2010-01-27,186500,188000,183500,185000,172951
2010-01-26,187500,188500,184000,187000,247151
2010-01-25,182000,188000,181500,188000,189320
2010-01-22,186500,187500,182000,184500,211147
2010-01-21,184000,190000,183500,189000,218917
2010-01-20,187000,187500,181000,186000,215855
2010-01-19,188500,192000,183500,185500,240462
2010-01-18,181000,187500,181000,186500,231918
2010-01-15,182500,184000,179000,181000,284536
2010-01-14,185500,188000,182500,182500,310774
2010-01-13,189500,192000,184000,187000,209879
2010-01-12,186000,192000,185000,192000,344388
2010-01-11,185000,188500,181000,183500,349539
2010-01-08,192500,195000,186000,186000,209845
2010-01-07,192500,196000,191000,192500,179224
2010-01-06,193000,197000,192000,192000,308772
2010-01-05,191500,196000,190000,193000,222855
2010-01-04,190000,193500,189000,193000,237764
2009-12-30,194500,194500,190000,192000,233080
2009-12-29,188000,194000,188000,194000,147259
2009-12-28,197000,200000,191000,191000,282939
2009-12-24,200500,202500,196500,200000,252936
2009-12-23,193000,199500,192000,199000,268707
2009-12-22,196500,196500,191000,193000,186690
2009-12-21,194000,196000,193000,194500,204163
2009-12-18,197000,197500,192000,194000,222124
2009-12-17,198000,200000,193500,196000,305557
2009-12-16,202000,208500,194500,198000,540901
2009-12-15,201000,204000,199500,201500,204226
2009-12-14,204500,205000,198000,201000,297053
2009-12-11,207000,210000,202000,204000,250149
2009-12-10,204500,210000,200000,210000,450729
2009-12-09,199000,207000,199000,207000,321994
2009-12-08,195000,200500,195000,199500,200061
2009-12-07,197000,198000,194500,197000,137357
2009-12-04,193500,198000,191500,193500,286635
2009-12-03,189000,193500,188500,193500,180702
2009-12-02,184500,190500,183000,190000,212551
2009-12-01,184500,188000,181000,184000,323316
2009-11-30,184000,187500,182500,185000,174310
2009-11-27,186500,188000,181500,181500,166583
2009-11-26,188000,191500,186500,189500,213231
2009-11-25,191000,193000,186500,189000,238193
2009-11-24,195500,197000,192000,194000,193125
2009-11-23,193000,196000,193000,194500,169677
2009-11-20,188000,192500,187000,191500,134803
2009-11-19,186000,191500,186000,187500,148714
2009-11-18,187000,190500,186000,186000,138098
2009-11-17,190000,190000,184500,187500,157189
2009-11-16,182500,189500,182000,189000,187225
2009-11-13,184500,186000,180000,184500,211060
2009-11-12,188500,190000,182500,183000,220930
2009-11-11,190500,190500,187000,190000,179650
2009-11-10,185500,190000,184500,189500,284146
2009-11-09,185500,186500,182500,183500,178849
2009-11-06,186500,187000,183500,186000,155541
2009-11-05,184500,186500,182500,185500,307658
2009-11-04,179000,185000,177500,184500,335335
2009-11-03,178500,181500,176000,176500,191185
2009-11-02,175500,180500,175000,180000,280085
2009-10-30,174500,179500,172000,177500,385131
2009-10-29,170500,175000,170500,171000,306480
2009-10-28,177500,178500,172000,172000,198641
2009-10-27,173000,176500,171500,176500,207746
2009-10-26,171000,174000,170000,173000,231444
2009-10-23,174000,175500,171500,172500,147576
2009-10-22,176500,180000,171500,173500,293074
2009-10-21,176000,180000,174000,180000,185312
2009-10-20,178500,181500,175000,179000,271239
2009-10-19,173500,179000,171000,179000,378743
2009-10-16,171500,177500,170000,176500,661091
2009-10-15,167500,171500,166500,170500,291636
2009-10-14,163000,169000,162500,168500,286255
2009-10-13,165000,168000,160500,162500,415008
2009-10-12,165500,169000,163500,168500,184890
2009-10-09,164500,165500,162000,164500,261345
2009-10-08,169000,169000,161500,164000,379413
2009-10-07,161500,170000,161500,168000,578928
2009-10-06,170000,171500,159500,160000,650528
2009-10-05,172500,173500,168500,170000,285114
2009-10-01,175000,176000,171000,173500,280915
2009-09-30,170500,175000,169000,173500,451881
2009-09-29,172500,173000,168000,170000,211942
2009-09-28,168500,173500,167500,170000,336077
2009-09-25,171000,172000,166000,170000,339199
2009-09-24,174000,176000,168500,169000,238235
2009-09-23,174000,180000,171000,172500,508107
2009-09-22,177000,179500,175500,176000,490584
2009-09-21,172500,176000,170000,175000,399762
2009-09-18,164500,172500,163000,170000,819462
2009-09-17,166500,167000,161500,163500,439732
2009-09-16,162500,165500,162500,165000,363425
2009-09-15,167000,168500,162000,162500,364046
2009-09-14,168000,169500,165500,168000,232105
2009-09-11,168000,168000,165000,166500,195674
2009-09-10,166500,168500,164500,168500,335211
2009-09-09,164000,165500,160500,165500,281940
2009-09-08,163500,165500,160000,161500,274991
2009-09-07,165000,166500,162000,162000,223391
2009-09-04,168000,169000,164500,165000,219146
2009-09-03,166000,169500,164000,166000,241117
2009-09-02,167000,168000,164000,165000,306445
2009-09-01,169000,171000,166000,169500,318113
2009-08-31,173000,175000,169500,170000,163191
2009-08-28,177500,178000,173000,174000,229085
2009-08-27,175000,177500,174000,175000,444641
2009-08-26,172000,173000,169500,172000,332877
2009-08-25,165500,172000,165500,170500,430627
2009-08-24,169000,172000,166000,167000,340027
2009-08-21,165000,167000,158000,166000,661484
2009-08-20,170000,170000,162500,164500,463396
2009-08-19,168000,171500,166500,170500,389716
2009-08-18,162000,169500,162000,166000,443146
2009-08-17,170000,170500,162000,162000,315920
2009-08-14,168500,171500,165500,170500,440942
2009-08-13,170000,172000,166000,166000,387283
2009-08-12,171500,171500,167500,168500,221561
2009-08-11,164500,173000,164500,171500,510964
2009-08-10,168500,169500,164000,164000,694992
2009-08-07,173000,175500,168000,168000,748035
2009-08-06,178000,179500,173500,175500,461888
2009-08-05,183000,184000,178500,180000,251178
2009-08-04,182000,184500,178500,183500,297591
2009-08-03,180000,183000,178500,182000,313695
2009-07-31,180500,181000,176000,178500,410335
2009-07-30,185000,186000,178000,179000,257364
2009-07-29,187000,188500,183000,184500,182985
2009-07-28,197000,197000,187000,188500,258178
2009-07-27,189500,195000,187000,194500,209822
2009-07-24,189500,191000,185500,186500,152459
2009-07-23,192000,192000,184500,189000,225125
2009-07-22,190500,192500,187000,191000,168610
2009-07-21,191000,194000,189000,190500,213546
2009-07-20,181000,190500,180500,189500,236118
2009-07-17,177500,182000,177500,179000,121669
2009-07-16,182000,182000,175000,176500,109143
2009-07-15,177500,181000,176000,179500,158071
2009-07-14,177500,180500,173500,173500,153620
2009-07-13,182000,182500,173000,177500,129375
2009-07-10,181500,182500,174500,180500,180386
2009-07-09,183500,186500,180000,180500,285452
2009-07-08,185000,188000,182000,185500,102777
2009-07-07,187000,191500,185500,186500,134099
2009-07-06,190000,191500,187000,189500,149488
2009-07-03,182000,191000,181000,191000,313205
2009-07-02,185000,188500,182500,182500,284764
2009-07-01,175000,182500,175000,180500,173308
2009-06-30,175500,179500,175000,176500,240658
2009-06-29,175000,178500,172500,174500,179869
2009-06-26,174000,175500,172000,174500,215714
2009-06-25,170000,177000,168500,173500,203806
2009-06-24,171000,172500,167000,167000,134837
2009-06-23,172000,173000,166500,171000,216966
2009-06-22,175000,180500,175000,177000,159828
2009-06-19,175500,176500,172500,175000,169806
2009-06-18,183500,183500,173000,173500,316203
2009-06-17,184500,185500,181000,183000,164878
2009-06-16,179000,187500,177000,186000,175322
2009-06-15,182000,184500,177000,181500,184706
2009-06-12,186000,187000,181500,183500,191991
2009-06-11,180500,189500,178000,188000,307903
2009-06-10,175000,182000,174000,181000,205361
2009-06-09,181000,184500,174000,175500,289369
2009-06-08,180000,183000,176500,180000,173097
2009-06-05,180500,181500,175000,181500,271540
2009-06-04,184500,185000,177000,180000,209778
2009-06-03,192500,192500,183500,184500,253637
2009-06-02,198500,200000,188000,192500,320493
2009-06-01,198000,204500,193500,200000,316475
2009-05-29,187000,199000,181000,199000,262815
2009-05-28,179500,188000,178000,188000,195169
2009-05-27,188000,189500,175000,179500,422878
2009-05-26,194500,194500,185500,187000,176068
2009-05-25,191000,195500,173500,192500,232882
2009-05-22,192000,202500,191000,194000,227312
2009-05-21,193500,198000,190500,196500,194710
2009-05-20,188500,197500,187500,197000,419270
2009-05-19,181000,187000,179000,187000,205117
2009-05-18,176500,183000,172500,180000,231999
2009-05-15,184500,184500,178000,180000,182024
2009-05-14,181000,184000,177000,180000,356068
2009-05-13,175500,185000,175500,185000,611017
2009-05-12,168000,178000,167000,173500,744041
2009-05-11,162500,169000,161500,168500,562236
2009-05-08,159500,161500,156500,159500,369109
2009-05-07,159500,163000,156500,157000,398253
2009-05-06,157500,161000,157000,158500,451962
2009-05-04,155500,160000,154500,160000,420405
2009-04-30,156000,157000,153000,155500,493757
2009-04-29,152500,157000,151000,157000,196922
2009-04-28,156500,156500,150500,152500,256408
2009-04-27,156500,158000,152500,153000,363092
2009-04-24,158000,162500,156500,160000,348235
2009-04-23,162000,162000,155500,156000,246217
2009-04-22,159000,161000,155500,159500,285775
2009-04-21,164000,164000,156000,159000,333333
2009-04-20,157500,166000,154500,165500,315290
2009-04-17,161000,163500,153500,154000,438088
2009-04-16,166500,168500,160500,163000,390259
2009-04-15,170500,171000,162500,165000,340181
2009-04-14,174000,176500,170500,174500,260942
2009-04-13,168500,177500,166500,171500,326770
2009-04-10,168000,169500,166000,167500,243138
2009-04-09,162000,167500,160000,166000,425272
2009-04-08,160500,163000,159000,160500,325119
2009-04-07,157500,161500,157000,161000,345461
2009-04-06,157000,161500,155500,156500,396525
2009-04-03,158500,161500,153000,156500,414394
2009-04-02,156500,158000,154000,158000,443396
2009-04-01,152000,155000,151000,153000,425186
2009-03-31,157000,159500,151000,151000,468796
2009-03-30,169000,169500,157000,157500,212888
2009-03-27,168000,171000,165000,169000,219553
2009-03-26,160000,168000,159000,167500,247132
2009-03-25,161000,165500,159000,160500,238028
2009-03-24,160000,164000,154500,163500,270536
2009-03-23,152000,157500,152000,157000,227581
2009-03-20,151000,155500,148500,150500,340727
2009-03-19,150000,153000,147000,148500,298818
2009-03-18,146500,151000,144000,148500,385410
2009-03-17,142000,144000,138000,144000,492893
2009-03-16,140500,143500,138000,140500,425835
2009-03-13,147000,148000,141000,141500,632683
2009-03-12,152500,156000,143500,149500,1385446
2009-03-11,147500,152000,145000,152000,723864
2009-03-10,142000,147500,140500,143500,555762
2009-03-09,136500,142500,136000,142000,397200
2009-03-06,136000,138000,132500,134500,404921
2009-03-05,135500,143000,133000,139000,442020
2009-03-04,132500,136000,131000,133000,213333
2009-03-03,122500,134000,121500,132500,232843
2009-03-02,135500,135500,126500,127500,259685
2009-02-27,141000,141500,133000,133000,382834
2009-02-26,137500,142000,136000,138500,190095
2009-02-25,141500,141500,135000,136500,269068
2009-02-24,139000,144500,136000,136500,372970
2009-02-23,137000,143000,136000,141500,432896
2009-02-20,132000,137500,129500,134000,498247
2009-02-19,129000,136000,126000,132000,226387
2009-02-18,130000,132500,127500,128000,242063
2009-02-17,136500,136500,129000,131000,302922
2009-02-16,131500,136000,130000,136000,362380
2009-02-13,132000,133000,129000,132500,221369
2009-02-12,131500,133000,127500,131500,524736
2009-02-11,125000,132000,123000,131000,344106
2009-02-10,126500,128500,124500,128500,427368
2009-02-09,128000,128500,122500,124500,545764
2009-02-06,132000,133000,123000,126000,992649
2009-02-05,140000,142500,130000,130000,452231
2009-02-04,140000,141000,135000,138000,315895
2009-02-03,145000,145000,138000,139000,292931
2009-02-02,140000,144500,139500,144500,287605
2009-01-30,135000,140000,133500,140000,259362
2009-01-29,129000,137500,127000,137000,495388
2009-01-28,124000,126500,122500,126500,148602
2009-01-23,125500,126500,121500,121500,154701
2009-01-22,131000,131000,125500,126500,88472
2009-01-21,125500,128500,124500,126500,181483
2009-01-20,129500,130000,126500,129000,70087
2009-01-19,131500,133000,129500,129500,126123
2009-01-16,128000,131500,128000,130000,171673
2009-01-15,127000,133000,125500,126000,215866
2009-01-14,129500,132000,128000,131500,200572
2009-01-13,125000,129000,124000,128500,256202
2009-01-12,128500,130000,124500,125500,157520
2009-01-09,132000,132000,126000,130000,234548
2009-01-08,128000,136000,127000,130000,452180
2009-01-07,124000,130500,123500,130500,382897
2009-01-06,127500,129500,121000,122000,408490
2009-01-05,131500,132000,126000,126500,125018
2009-01-02,132000,132000,125500,127500,140505
2008-12-30,127500,132000,126500,130000,235011
2008-12-29,121000,128000,118500,126500,171657
2008-12-26,124500,126000,120500,120500,142623
2008-12-24,126500,127500,122000,124500,171030
2008-12-23,127000,129500,123500,127500,153188
2008-12-22,135500,136000,127000,128000,317818
2008-12-19,125500,135500,124500,135000,378566
2008-12-18,130500,130500,125500,125500,165680
2008-12-17,130500,134000,124500,129500,489413
2008-12-16,114000,126000,111500,125000,565853
2008-12-15,114500,116500,113500,115000,265616
2008-12-12,115000,115000,107000,110500,197708
2008-12-11,119500,119500,114500,116500,288083
2008-12-10,110500,118000,107000,118000,343752
2008-12-09,114000,114500,108500,110000,252721
2008-12-08,107500,114500,106000,113000,379031
2008-12-05,103500,107500,102000,107500,187285
2008-12-04,106500,106500,99900,104500,295430
2008-12-03,112000,112500,102500,103500,339988
2008-12-02,100000,111500,100000,108000,285040
2008-12-01,122000,122500,114000,114000,257097
2008-11-28,118500,123000,113500,122500,372776
