date,close,open,high,low,diff
04-25-17,163.88 ,164.60 ,165.25 ,163.17 ,-0.53%
04-24-17,164.76 ,164.61 ,165.56 ,163.39 ,-0.01%
04-21-17,164.77 ,165.17 ,165.75 ,164.45 ,-0.36%
04-20-17,165.37 ,165.85 ,166.28 ,164.80 ,-0.40%
04-19-17,166.04 ,165.79 ,166.28 ,165.09 ,0.01%
04-18-17,166.03 ,164.43 ,166.93 ,164.35 ,0.85%
04-17-17,164.63 ,164.84 ,165.60 ,164.19 ,-0.25%
04-14-17,165.05 ,164.69 ,165.90 ,164.56 ,0.08%
04-13-17,164.92,164.48,165.66,163.55,0.14%
04-12-17,164.69,166.02,166.88,164.42,-0.92%
04-11-17,166.22,165.4,166.85,165.07,0.34%
04-10-17,165.65,164.7,165.84,164.56,0.45%
04-07-17,164.91,163.81,165.4,163.69,0.55%
04-06-17,164.01,163.43,164.57,163.21,0.23%
04-05-17,163.64,163.12,163.8,162.71,0.17%
04-04-17,163.36,161.99,163.67,161.92,0.70%
04-03-17,162.23,161.94,162.56,161.26,-0.03%
03-31-17,162.28,162.16,162.87,161.83,-0.06%
03-30-17,162.37,161.12,162.56,160.94,0.66%
03-29-17,161.31,162.06,162.38,161.02,-0.59%
03-28-17,162.26,161.45,162.38,161.24,0.35%
03-27-17,161.69,162.06,162.44,160.77,-0.40%
03-24-17,162.34,162.85,163.38,161.53,-0.42%
03-23-17,163.03,162.08,163.31,162.01,0.43%
03-22-17,162.33,162.83,163.72,161.98,-0.45%
03-21-17,163.07,161.1,163.25,161.04,1.08%
03-20-17,161.32,163.32,163.9,160.82,-1.36%
03-17-17,163.54,163.43,164.38,163.16,-0.07%
03-16-17,163.65,163.04,164.66,162.93,0.26%
03-15-17,163.22,166.11,166.42,162.89,-1.85%
03-14-17,166.3,165.75,166.5,165.4,0.16%
03-13-17,166.03,166,166.88,165.39,-0.14%
03-10-17,166.26,167.64,168.18,165.92,-0.95%
03-09-17,167.85,166.85,168.12,166.61,0.45%
03-08-17,167.1,166.5,167.35,165.54,0.23%
03-07-17,166.71,167.29,167.93,165.98,-0.46%
03-06-17,167.48,166.9,168.16,166.88,0.25%
03-03-17,167.07,166.79,168.03,166.36,0.04%
03-02-17,167.01,165.48,167.28,165.42,0.80%
03-01-17,165.69,165.44,166.71,165.1,0.01%
02-28-17,165.68,164.93,165.74,163.58,0.33%
02-27-17,165.14,164.32,165.3,164.15,0.34%
02-24-17,164.58,164.78,165.29,164.02,-0.27%
02-23-17,165.03,165.36,166.21,164.22,-0.30%
02-22-17,165.53,165.8,166.59,165.21,-0.30%
02-21-17,166.02,166.31,167.17,165.61,-0.29%
02-20-17,166.51,167.36,167.71,166.24,-0.64%
02-17-17,167.59,166.43,167.87,166.36,0.58%
02-16-17,166.62,165.01,166.78,164.79,0.85%
02-15-17,165.22,165.63,166.88,164.71,-0.37%
02-14-17,165.84,166.83,167.29,165.12,-0.74%
02-13-17,167.07,166.52,167.93,166.46,0.23%
02-10-17,166.69,167.35,168.16,166.39,-0.53%
02-09-17,167.57,166.44,167.75,166.22,0.56%
02-08-17,166.64,165.89,167.08,165.77,0.33%
02-07-17,166.09,165.1,167,164.9,0.43%
02-06-17,165.38,165.45,166.19,164.6,-0.21%
02-03-17,165.73,165.99,167.4,164.84,-0.31%
02-02-17,166.25,167.33,167.87,165.05,-0.84%
02-01-17,167.66,167.1,168.47,166.83,0.19%
01-31-17,167.35,169.86,170.17,166.56,-1.63%
01-30-17,170.12,170.97,171.38,169.69,-0.69%
01-27-17,171.3,170.04,171.61,169.85,0.55%
01-26-17,170.37,168.7,170.47,167.85,0.86%
01-25-17,168.91,170.33,170.6,168.56,-1.00%
01-24-17,170.62,169.51,170.69,169.15,0.53%
01-23-17,169.72,170.69,170.99,169.44,-0.71%
01-20-17,170.94,170.8,171.51,169.85,-0.05%
01-19-17,171.03,172.08,172.61,170.73,-0.74%
01-18-17,172.3,169.14,172.38,169.08,1.74%
01-17-17,169.35,171.28,172.17,169.04,-1.24%
01-16-17,171.48,170.09,171.8,170.09,0.70%
01-13-17,170.28,170.43,171.41,169.81,-0.21%
01-12-17,170.63,171.04,171.62,169.76,-0.34%
01-11-17,171.22,173.4,173.68,170.56,-1.39%
01-10-17,173.63,173.25,173.84,172.26,0.10%
01-09-17,173.46,173.46,174.5,172.92,-0.13%
01-06-17,173.68,171.32,173.73,171.07,1.22%
01-05-17,171.58,172.26,173.11,171.15,-0.52%
01-04-17,172.48,173.14,174.06,172.08,-0.51%
01-03-17,173.37,173.16,174.67,172.6,0.01%
01-02-17,173.35,173.58,174.32,173.05,-0.28%
12-30-16,173.84,173.26,173.97,172.62,0.22%
12-29-16,173.45,173.91,174.17,173.15,-0.40%
12-28-16,174.15,173.47,174.6,173.18,0.26%
12-27-16,173.7,172.57,174,172.51,0.50%
12-26-16,172.84,172.58,173.09,172.19,0.02%
12-23-16,172.81,173.21,173.65,172.51,-0.35%
12-22-16,173.41,171.8,173.78,171.71,0.81%
12-21-16,172.02,171.3,172.45,171.23,0.29%
12-20-16,171.53,170.57,172.18,170.55,0.39%
12-19-16,170.86,170.24,171.45,170.01,0.23%
12-16-16,170.47,170.19,170.88,169.87,0.04%
12-15-16,170.41,170.64,171.47,169.56,-0.26%
12-14-16,170.85,168.47,171.02,168.31,1.28%
12-13-16,168.69,168.43,169.51,168.09,0.04%
12-12-16,168.63,169.57,170.06,168.13,-0.69%
12-09-16,169.8,168.74,170.11,168.55,0.47%
12-08-16,169.01,168.13,169.54,168,0.40%
12-07-16,168.34,170.01,170.49,168.08,-1.11%
12-06-16,170.23,169.39,170.95,169.28,0.36%
12-05-16,169.62,170.06,170.87,169.25,0.06%
12-02-16,169.51,169.34,170.77,168.9,-0.04%
12-01-16,169.57,170.74,171.31,169.15,-0.85%
11-30-16,171.02,169.09,171.26,168.87,1.00%
11-29-16,169.32,169.4,170.36,168.65,-0.18%
11-28-16,169.62,169.7,170.34,168.97,-0.17%
11-25-16,169.91,170.61,171.03,169.65,-0.54%
11-24-16,170.84,170.57,171.4,169.92,0.03%
11-23-16,170.79,169.63,171.4,169.42,0.57%
11-22-16,169.82,171.05,171.37,169.54,-0.82%
11-21-16,171.22,171.27,172.21,170.45,-0.13%
11-18-16,171.45,171.33,172.31,170.28,-0.06%
11-17-16,171.56,169.92,171.78,169.6,0.83%
11-16-16,170.15,170,171.32,169.49,-0.05%
11-15-16,170.23,170.52,171.11,169.6,-0.29%
11-14-16,170.72,170.83,172.3,170.38,-0.22%
11-11-16,171.09,171.25,172.16,170.14,-0.23%
11-10-16,171.48,170.5,171.73,168.69,0.41%
11-09-16,170.78,166.1,171.43,166.05,2.68%
11-08-16,166.33,168.26,168.62,165.97,-1.27%
11-07-16,168.47,168.72,169.19,168.16,-0.28%
11-04-16,168.94,168.95,169.78,168.38,-0.15%
11-03-16,169.19,169.25,169.69,167.99,-0.17%
11-02-16,169.47,169.11,170.51,168.73,0.08%
11-01-16,169.34,168.44,169.71,167.97,0.41%
10-31-16,168.65,169.02,169.74,168.31,-0.35%
10-28-16,169.25,168.88,169.63,168.49,0.08%
10-27-16,169.11,168.02,169.35,167.69,0.55%
10-26-16,168.18,166.45,168.25,166.24,0.90%
10-25-16,166.68,167.4,168.34,166.38,-0.56%
10-24-16,167.62,167.72,168.26,166.66,-0.17%
10-21-16,167.91,167.51,168.63,167.28,0.13%
10-20-16,167.69,166.1,167.91,165.86,0.85%
10-19-16,166.27,166.74,167.15,166.04,-0.38%
10-18-16,166.91,168.48,168.79,166.63,-1.06%
10-17-16,168.69,168.74,170.04,168.38,-0.12%
10-14-16,168.89,167.71,169.16,167.56,0.57%
10-13-16,167.93,167.34,169.25,167.14,0.25%
10-12-16,167.51,167.14,168.09,166.62,0.09%
10-11-16,167.36,165.07,167.7,164.9,1.26%
10-10-16,165.28,167.02,167.46,164.9,-1.17%
10-07-16,167.24,166.95,167.68,166.23,0.04%
10-06-16,167.18,166.9,167.7,166.1,0.03%
10-05-16,167.13,167.13,167.56,166.38,-0.14%
10-04-16,167.36,165.27,167.55,164.97,1.12%
10-03-16,165.5,164.92,165.75,164.55,0.21%
09-30-16,165.16,165.18,166.06,164.4,-0.13%
09-29-16,165.38,163.43,165.79,163.33,1.04%
09-28-16,163.68,164.28,164.93,163.42,-0.47%
09-27-16,164.45,166.12,167.04,163.96,-1.10%
09-26-16,166.28,165.36,166.55,165.16,0.45%
09-23-16,165.53,165.35,166.07,164.66,-0.01%
09-22-16,165.55,165.23,166.03,164.34,0.07%
09-21-16,165.44,167.24,168.41,164.99,-1.19%
09-20-16,167.44,167.63,168.25,167.15,-0.26%
09-19-16,167.87,168.5,168.81,167.28,-0.52%
09-16-16,168.74,168.35,169.14,167.57,0.11%
09-15-16,168.56,168.6,169.97,168,-0.15%
09-14-16,168.81,168.72,169.31,168.12,-0.05%
09-13-16,168.9,165.63,169.2,165.58,1.86%
09-12-16,165.81,166.05,167.44,165.53,-0.13%
09-09-16,166.03,164.7,166.15,164.09,0.72%
09-08-16,164.85,163.5,164.91,163.19,0.70%
09-07-16,163.71,163.74,164.46,162.9,-0.16%
09-06-16,163.98,165.25,166.08,163.63,-0.88%
09-05-16,165.44,166.97,167.26,165.12,-1.01%
09-02-16,167.12,167.43,167.97,165.9,-0.28%
09-01-16,167.59,166.93,168.39,166.65,0.28%
08-31-16,167.12,167.44,167.85,166.58,-0.33%
08-30-16,167.68,167.58,167.98,166.55,-0.04%
08-29-16,167.74,168.1,169.19,167.57,-0.30%
08-26-16,168.25,167.33,168.47,165.77,0.41%
08-25-16,167.56,168.18,168.89,167.18,-0.50%
08-24-16,168.4,168.51,169.47,167.87,-0.20%
08-23-16,168.74,168.73,168.99,167.51,-0.13%
08-22-16,168.96,167.65,169.56,167.47,0.76%
08-19-16,167.68,166.92,168.93,166.8,0.34%
08-18-16,167.11,166.83,167.84,166.19,0.05%
08-17-16,167.02,165.22,168.29,165.01,0.97%
08-16-16,165.41,165.22,165.65,164.26,0.01%
08-15-16,165.39,166.03,166.45,164.96,-0.55%
08-12-16,166.31,165.44,166.71,165.33,0.40%
08-11-16,165.65,164.89,166.29,164.71,0.28%
08-10-16,165.18,165.46,165.97,164.18,-0.33%
08-09-16,165.73,166.07,166.88,165.14,-0.32%
08-08-16,166.26,167.4,167.88,165.9,-0.77%
08-05-16,167.55,167.44,167.76,166.6,-0.10%
08-04-16,167.72,168.16,168.48,167.19,-0.39%
08-03-16,168.37,167.52,169,167.31,0.37%
08-02-16,167.75,166.59,167.92,166.28,0.55%
08-01-16,166.84,167.3,168.11,165.88,-0.44%
07-29-16,167.57,168.78,169.22,167.3,-0.83%
07-28-16,168.97,169.46,169.67,168.46,-0.41%
07-27-16,169.66,170.25,170.58,169.44,-0.51%
07-26-16,170.53,170.85,171.44,169.79,-0.31%
07-25-16,171.06,169.9,171.32,169.67,0.55%
07-22-16,170.12,170.27,170.92,169.62,-0.21%
07-21-16,170.48,170.9,171.32,169.85,-0.43%
07-20-16,171.21,170.21,171.31,170.03,0.45%
07-19-16,170.44,169.04,170.71,168.97,0.66%
07-18-16,169.32,169.83,170.34,169.01,-0.53%
07-15-16,170.22,169.16,170.28,168.91,0.45%
07-14-16,169.45,171.15,171.82,168.86,-1.13%
07-13-16,171.38,170.72,171.94,170.48,0.23%
07-12-16,170.99,171.74,172.48,170.48,-0.55%
07-11-16,171.94,171.76,172.34,171.11,0.02%
07-08-16,171.91,173.16,173.96,171.43,-0.84%
07-07-16,173.37,173.01,173.65,172.27,0.08%
07-06-16,173.24,173.3,174.85,172.88,-0.16%
07-05-16,173.52,172.58,173.75,172.31,0.38%
07-04-16,172.86,172.87,173.43,171.7,0.04%
07-01-16,172.79,173.08,173.62,171.62,-0.32%
06-30-16,173.34,173.73,174.21,172.43,-0.34%
06-29-16,173.93,175.32,176.18,173.52,-0.92%
06-28-16,175.55,177.19,178.32,175.23,-1.09%
06-27-16,177.49,176.7,179.56,176.69,0.28%
06-24-16,176.99,173.35,178.88,173.19,1.96%
06-23-16,173.59,174.51,175.54,173.25,-0.65%
06-22-16,174.73,174.8,175.88,174.03,-0.18%
06-21-16,175.04,176.15,177.01,174.66,-0.75%
06-20-16,176.36,177.38,177.61,175.59,-0.73%
06-17-16,177.66,177.68,178.93,176.86,-0.13%
06-16-16,177.89,177.34,178.92,177.15,0.15%
06-15-16,177.63,178.08,179.06,176.9,-0.39%
06-14-16,178.33,177.79,179.32,177.51,0.17%
06-13-16,178.03,178.24,179.09,177.22,-0.29%
06-10-16,178.54,176.39,178.75,176.18,1.05%
06-09-16,176.68,175.67,177.2,175.25,0.45%
06-08-16,175.89,175.74,176.53,175,-0.03%
06-07-16,175.95,176.91,177.72,175.3,-0.69%
06-06-16,177.18,177.27,178.11,176.64,-0.03%
06-03-16,177.24,180.01,180.95,176.98,-1.67%
06-02-16,180.25,181.19,181.81,179.87,-0.61%
06-01-16,181.35,180.44,181.85,180.27,0.34%
05-31-16,180.73,181.76,182.52,180.24,-0.71%
05-30-16,182.03,180.59,182.1,180.52,0.71%
05-27-16,180.74,179.77,180.93,179.28,0.43%
05-26-16,179.97,180.11,180.97,178.87,-0.19%
05-25-16,180.32,180.95,181.69,179.58,-0.49%
05-24-16,181.21,180.22,182.38,180.11,0.40%
05-23-16,180.49,181.69,181.96,180.17,-0.35%
05-20-16,181.12,181.14,182.28,180.84,-0.14%
05-19-16,181.38,181.76,182.44,181.05,-0.30%
05-18-16,181.92,180.3,182.53,179.92,0.76%
05-17-16,180.55,180.44,180.83,179.5,-0.07%
05-16-16,180.67,179.89,181.08,179.68,0.28%
05-13-16,180.16,179.34,180.81,178.6,0.32%
05-12-16,179.59,179.3,179.91,178.38,0.03%
05-11-16,179.54,179.34,180.17,178.56,-0.06%
05-10-16,179.64,180.11,180.61,179.28,-0.42%
05-09-16,180.39,179.71,180.98,178.64,0.28%
05-06-16,179.89,179.37,180.94,179.13,0.17%
05-05-16,179.58,179.49,180.14,178.72,-0.07%
05-04-16,179.7,177.18,179.86,176.92,1.27%
05-03-16,177.44,175.43,177.55,174.9,1.02%
05-02-16,175.64,176.71,177.16,175.37,-0.67%
04-29-16,176.83,175.4,177.49,174.88,0.66%
04-28-16,175.67,176.73,177.15,175.16,-0.70%
04-27-16,176.91,176.54,177.82,175.72,0.08%
04-26-16,176.77,177.06,177.55,176.29,-0.30%
04-25-16,177.3,176.64,177.39,176.22,0.23%
04-22-16,176.9,175.86,177.09,175.46,0.46%
04-21-16,176.09,174.91,176.31,174.62,0.50%
04-20-16,175.21,174.59,176.01,174.3,0.22%
04-19-16,174.82,176.5,177.03,173.77,-1.08%
04-18-16,176.72,176.9,178.2,176.1,-0.23%
04-15-16,177.13,177.72,178.41,176.49,-0.47%
04-14-16,177.97,176.68,178.94,176.56,0.58%
04-13-16,176.94,176.72,177.67,176.37,0.01%
04-12-16,176.92,176.74,177.79,176.49,0.02%
04-11-16,176.89,177.81,178.79,176.46,-0.69%
04-08-16,178.12,179.32,180.12,177.1,-0.82%
04-07-16,179.6,178.11,179.79,177.44,0.70%
04-06-16,178.35,179.04,179.39,177.83,-0.48%
04-05-16,179.21,177.66,179.53,177.37,0.77%
04-04-16,177.84,177,178.02,176.64,0.37%
04-01-16,177.18,177.36,178.81,176.83,-0.20%
03-31-16,177.54,176.78,177.71,175.5,0.34%
03-30-16,176.93,177.41,178.24,175.88,-0.39%
03-29-16,177.62,178.91,179.46,177.34,-0.87%
03-28-16,179.18,179.26,180.19,178.59,-0.13%
03-25-16,179.41,179.1,180.19,178.62,0.02%
03-24-16,179.37,179.37,180.01,178.57,-0.16%
03-23-16,179.65,178.09,179.75,177.82,0.75%
03-22-16,178.31,178.79,179.78,177.45,-0.43%
03-21-16,179.08,179.64,180.83,178.28,-0.46%
03-18-16,179.91,178.15,180.15,178.02,0.86%
03-17-16,178.37,180.47,180.99,177.71,-1.32%
03-16-16,180.76,183.12,183.8,180.17,-1.46%
03-15-16,183.43,182.68,183.99,182.1,0.27%
03-14-16,182.93,182.68,183.61,182.09,0.02%
03-11-16,182.89,185.1,186.07,182.16,-1.30%
03-10-16,185.3,185.45,186.45,183.47,-0.19%
03-09-16,185.65,185.83,187.08,185.05,-0.18%
03-08-16,185.99,183.87,186.04,183.86,1.02%
03-07-16,184.12,183.96,185.45,183.71,-0.02%
03-04-16,184.16,185.41,185.93,183.53,-0.76%
03-03-16,185.57,186.77,187.39,184.93,-0.77%
03-02-16,187.01,187.36,188.85,186.7,-0.33%
03-01-16,187.62,188.73,189.25,186.98,-0.69%
02-29-16,188.93,189.93,190.53,188.45,-0.60%
02-26-16,190.07,188.81,190.5,188.02,0.53%
02-25-16,189.06,188.5,190.41,188.36,0.17%
02-24-16,188.73,188.58,189.99,188.36,-0.01%
02-23-16,188.75,187.48,189.02,187.2,0.56%
02-22-16,187.69,188.98,189.87,187.17,-0.79%
02-19-16,189.18,188.25,190.31,188.2,0.34%
02-18-16,188.53,187.29,189.47,187.01,0.53%
02-17-16,187.53,186.84,188.76,186.61,0.27%
02-16-16,187.03,186.73,187.61,186.04,0.02%
02-15-16,187,183.5,187,183.31,1.85%
02-12-16,183.61,182.41,184.44,182.12,0.53%
02-11-16,182.64,180.59,183.57,180.54,0.97%
02-10-16,180.88,182.06,182.85,180.41,-0.80%
02-09-16,182.34,182.87,183.97,181.87,-0.45%
02-08-16,183.16,183.26,184.31,182.82,-0.19%
02-05-16,183.5,181.33,183.66,180.67,1.07%
02-04-16,181.56,182.46,183.52,179.7,-0.59%
02-03-16,182.63,184.12,185.79,182.18,-0.90%
02-02-16,184.28,182.67,184.59,181.9,0.79%
02-01-16,182.84,183.54,184.25,182.17,-0.47%
01-29-16,183.71,183.51,184.55,181.97,0.01%
01-28-16,183.69,183.61,184.29,182.54,-0.04%
01-27-16,183.76,181.86,183.88,181.78,0.95%
01-26-16,182.03,182.18,183.42,181.72,-0.17%
01-25-16,182.34,181.89,182.78,180.98,0.17%
01-22-16,182.03,182.84,183.45,181.58,-0.50%
01-21-16,182.94,183.66,184.55,182.66,-0.48%
01-20-16,183.82,183.38,185.33,183.33,0.15%
01-19-16,183.55,184.03,184.55,182.53,-0.33%
01-18-16,184.16,184.31,184.82,183.49,-0.18%
01-15-16,184.49,183.08,185.52,182.91,0.67%
01-14-16,183.26,183.87,184.99,183.05,-0.43%
01-13-16,184.06,183.94,184.81,182.53,-0.05%
01-12-16,184.15,183.16,184.59,183.06,0.42%
01-11-16,183.38,182.88,184.12,182.7,0.14%
01-08-16,183.12,181.44,184.13,180.72,0.84%
01-07-16,181.6,182.91,183.65,180.82,-0.82%
01-06-16,183.1,182.4,183.6,181.91,0.29%
01-05-16,182.57,181.95,182.79,181.43,0.24%
01-04-16,182.14,180.85,182.62,180.85,0.62%
01-01-16,181.01,180.89,181.18,180.78,-0.04%
12-31-15,181.09,181.21,181.44,180.64,-0.18%
12-30-15,181.41,180.44,181.66,180.09,0.41%
12-29-15,180.67,179.97,180.78,179.65,0.30%
12-28-15,180.13,180.15,180.5,179.29,-0.38%
12-25-15,180.81,180.36,180.91,180.3,0.10%
12-24-15,180.63,181.04,181.61,179.95,-0.34%
12-23-15,181.24,180.67,182.08,180.48,0.22%
12-22-15,180.85,181.03,181.99,180.32,-0.20%
12-21-15,181.22,182.33,182.53,180.95,-0.67%
12-18-15,182.44,182.58,183.47,181.64,-0.19%
12-17-15,182.78,180.91,183.41,180.91,0.95%
12-16-15,181.06,181.65,182.9,180.8,-0.41%
12-15-15,181.81,183.2,183.65,181.52,-0.85%
12-14-15,183.36,183.75,184.34,183.04,-0.33%
12-11-15,183.97,182.95,184.67,182.39,0.45%
12-10-15,183.14,183.69,183.91,182.3,-0.40%
12-09-15,183.88,183.77,184.46,182.96,-0.04%
12-08-15,183.95,183.41,184.68,182.67,0.21%
12-07-15,183.57,181.66,183.74,181.61,0.98%
12-04-15,181.79,180.22,182.52,180.19,0.78%
12-03-15,180.38,181.6,183.03,179.91,-0.75%
12-02-15,181.75,180.45,182.46,180.19,0.63%
12-01-15,180.62,181.24,181.72,180.39,-0.43%
11-30-15,181.4,180.72,181.62,180.45,0.28%
11-27-15,180.9,179.63,180.99,179.5,0.61%
11-26-15,179.81,178.89,180.21,178.53,0.40%
11-25-15,179.09,179.26,179.77,178.57,-0.21%
11-24-15,179.46,181.21,181.62,179.22,-1.06%
11-23-15,181.38,180.63,181.86,180.6,0.30%
11-20-15,180.83,180.91,181.94,180.04,-0.12%
11-19-15,181.05,182.48,182.95,180.86,-0.89%
11-18-15,182.67,183.17,184.21,182.47,-0.39%
11-17-15,183.39,183.39,183.94,182.82,-0.10%
11-16-15,183.58,183.44,184.48,183.38,-0.02%
11-13-15,183.62,181.85,183.82,181.64,0.88%
11-12-15,182.01,181.27,182.61,180.66,0.32%
11-11-15,181.43,181.97,182.18,181.09,-0.41%
11-10-15,182.17,181.97,182.77,181.57,0.02%
11-09-15,182.13,181.42,182.75,180.76,0.37%
11-06-15,181.45,179.15,181.94,178.87,1.19%
11-05-15,179.31,179.01,180.13,178.81,0.07%
11-04-15,179.18,178.16,179.78,177.85,0.48%
11-03-15,178.33,179.47,179.71,178,-0.72%
11-02-15,179.63,180.38,180.83,179.06,-0.55%
10-30-15,180.62,179.48,180.88,178.75,0.52%
10-29-15,179.68,180.07,180.66,179.19,-0.26%
10-28-15,180.14,178.64,180.75,177.33,0.73%
10-27-15,178.83,177.61,179.04,177.52,0.57%
10-26-15,177.81,178.88,179.45,177.42,-0.63%
10-23-15,178.93,177.62,179.24,176.68,0.65%
10-22-15,177.78,179.38,179.88,177.51,-0.99%
10-21-15,179.56,178.06,179.86,177.61,0.75%
10-20-15,178.23,177.81,178.61,177.02,0.13%
10-19-15,178,177.99,178.43,175.8,-0.06%
10-16-15,178.11,176.81,178.41,176.74,0.64%
10-15-15,176.97,178.92,179.55,176.51,-1.20%
10-14-15,179.12,181.13,182.12,178.69,-1.24%
10-13-15,181.37,180.74,181.77,180.68,0.23%
10-12-15,180.95,180.74,181.58,180.13,0.01%
10-09-15,180.94,181.28,181.66,179.51,-0.30%
10-08-15,181.48,182.29,183.13,181.15,-0.46%
10-07-15,182.31,182.59,183.91,181.01,-0.24%
10-06-15,182.75,182.54,184.08,182.45,0.05%
10-05-15,182.66,184.36,184.96,182.22,-1.03%
10-02-15,184.56,185.31,186.54,184.32,-0.48%
10-01-15,185.45,186.25,186.51,184.7,-0.54%
09-30-15,186.45,187.67,188.19,185.55,-0.80%
09-29-15,187.95,187.58,188.52,187.42,0.08%
09-28-15,187.8,187.07,187.95,186.92,0.33%
09-25-15,187.18,186.47,188.06,186.18,0.31%
09-24-15,186.6,187.04,188.13,186.08,-0.32%
09-23-15,187.19,185.76,187.36,185.44,0.67%
09-22-15,185.94,184.83,186.44,184.11,0.49%
09-21-15,185.03,184.2,185.47,183.75,0.39%
09-18-15,184.32,183.01,184.4,182.19,0.56%
09-17-15,183.3,183.47,184.31,181.77,-0.21%
09-16-15,183.68,184.9,185.67,183.45,-0.77%
09-15-15,185.11,185.55,186.52,184.7,-0.34%
09-14-15,185.75,185.27,186.04,184.52,0.12%
09-11-15,185.52,185.33,186.18,185.19,0.01%
09-10-15,185.5,186.54,188.08,185.11,-0.71%
09-09-15,186.82,187.47,187.87,185.75,-0.46%
09-08-15,187.68,188.89,190.01,187.12,-0.72%
09-07-15,189.04,188.84,189.71,188.03,0.02%
09-04-15,189.01,187.13,189.08,186.61,0.86%
09-03-15,187.39,186.07,187.82,185.9,0.59%
09-02-15,186.3,185.28,186.54,184.56,0.48%
09-01-15,185.41,185.38,185.7,183.56,-0.05%
08-31-15,185.5,184.61,185.89,184.4,0.44%
08-28-15,184.69,183.14,185.5,183.06,0.75%
08-27-15,183.31,184.34,185.52,182.66,-0.68%
08-26-15,184.56,185.51,186.34,184.29,-0.62%
08-25-15,185.71,185.76,187.18,183.06,-0.13%
08-24-15,185.96,186.96,188.68,185.12,-0.65%
08-21-15,187.18,185.27,187.26,185.17,0.93%
08-20-15,185.46,184.98,186.72,184.29,0.17%
08-19-15,185.14,185.27,185.94,184.53,-0.19%
08-18-15,185.5,184.85,185.78,184.4,0.24%
08-17-15,185.05,184.36,185.55,184.19,0.30%
08-14-15,184.5,184.05,185.22,183.63,0.17%
08-13-15,184.18,183.55,184.88,182.05,0.23%
08-12-15,183.75,186.22,188.75,183.25,-1.44%
08-11-15,186.44,186.51,188.75,185.06,-0.13%
08-10-15,186.68,187.38,188.36,186.44,-0.47%
08-07-15,187.56,187.26,188.77,186.83,0.09%
08-06-15,187.39,188.86,189.13,187.1,-0.88%
08-05-15,189.05,188.09,189.56,187.93,0.39%
08-04-15,188.32,188.38,188.86,186.63,-0.14%
08-03-15,188.58,187.79,188.72,187.07,0.37%
07-31-15,187.88,188.73,189.14,186.2,-0.56%
07-30-15,188.93,186.99,189.31,186.94,0.95%
07-29-15,187.16,186.71,187.2,185.96,0.14%
07-28-15,186.89,187.83,188.67,186.58,-0.60%
07-27-15,188.02,188.38,189.18,187.35,-0.24%
07-24-15,188.47,186.98,189.25,186.63,0.70%
07-23-15,187.16,186.15,187.95,186.1,0.45%
07-22-15,186.33,184.85,186.61,184.81,0.71%
07-21-15,185.01,186.1,186.92,184.72,-0.68%
07-20-15,186.27,185.05,186.66,184.99,0.56%
07-17-15,185.23,184.52,185.41,184.31,0.29%
07-16-15,184.69,184.61,185.41,183.91,-0.06%
07-15-15,184.81,183.9,185.09,183.37,0.37%
07-14-15,184.12,182.91,184.42,182.75,0.57%
07-13-15,183.07,182.12,183.18,181.53,0.49%
07-10-15,182.18,182.17,182.63,181.25,-0.10%
07-09-15,182.36,182.85,183.76,181.77,-0.28%
07-08-15,182.88,182.57,183.57,182.18,0.08%
07-07-15,182.74,181.25,183.23,181.14,0.76%
07-06-15,181.36,180.64,181.92,180.63,0.25%
07-03-15,180.9,180.9,181.37,179.94,-0.09%
07-02-15,181.07,181.26,181.64,180.19,-0.20%
07-01-15,181.44,180.33,181.73,179.73,0.45%
06-30-15,180.62,180.23,180.7,179.53,0.11%
06-29-15,180.42,180.67,181.75,179.96,-0.24%
06-26-15,180.86,178.89,181.43,178.71,0.99%
06-25-15,179.08,178.57,179.32,178.29,0.12%
06-24-15,178.86,178.04,179.25,177.85,0.31%
06-23-15,178.31,177.19,178.72,177.07,0.53%
06-22-15,177.37,177.42,177.92,176.67,-0.16%
06-19-15,177.66,177.98,178.57,177.12,-0.24%
06-18-15,178.09,179.17,179.53,177.24,-0.83%
06-17-15,179.58,180.02,181.12,178.93,-0.34%
06-16-15,180.19,179.65,180.51,179.51,0.19%
06-15-15,179.84,178.93,180.36,178.93,0.39%
06-12-15,179.14,179.23,180.13,178.55,-0.14%
06-11-15,179.39,178.81,179.85,177.99,0.22%
06-10-15,179,180.52,180.97,178.38,-0.95%
06-09-15,180.71,180.13,181,179.93,0.23%
06-08-15,180.3,181.15,181.42,179.95,-0.54%
06-05-15,181.28,179.42,181.32,178.74,0.94%
06-04-15,179.59,178.51,179.75,178.42,0.50%
06-03-15,178.69,178.53,179.22,177.96,0.00%
06-02-15,178.69,179.85,180.31,178.42,-0.76%
06-01-15,180.05,179.45,180.23,178.98,0.27%
05-29-15,179.57,178.59,179.99,178.31,0.44%
05-28-15,178.78,178.72,179.3,177.96,-0.07%
05-27-15,178.91,178.39,179.34,177.87,0.18%
05-26-15,178.58,176.69,178.66,176.58,0.97%
05-25-15,176.87,176.93,177.23,176.6,-0.05%
05-22-15,176.96,176.24,176.97,175.57,0.30%
05-21-15,176.43,176.53,177,176.07,-0.16%
05-20-15,176.72,176.32,177.17,176.11,0.13%
05-19-15,176.49,175.59,176.61,175.23,0.42%
05-18-15,175.75,174.49,175.91,174.41,0.65%
05-15-15,174.62,175.46,176.72,174.39,-0.52%
05-14-15,175.54,175.99,177.01,175.34,-0.35%
05-13-15,176.16,175.9,177.42,175.37,0.05%
05-12-15,176.08,176.5,176.93,175.74,-0.35%
05-11-15,176.69,175.09,176.81,174.51,0.84%
05-08-15,175.22,176.11,176.45,174.87,-0.60%
05-07-15,176.27,174.05,176.78,173.8,1.17%
05-06-15,174.24,174.08,174.75,173.66,0.00%
05-05-15,174.24,174.06,174.77,173.88,0.00%
05-04-15,174.24,174.13,174.64,173.62,-0.05%
05-01-15,174.33,173.49,174.61,173.28,0.37%
04-30-15,173.69,172.42,173.93,172.03,0.60%
04-29-15,172.65,171.39,173.17,171.33,0.64%
04-28-15,171.56,171.72,172.84,171.28,-0.19%
04-27-15,171.89,173.81,174.04,171.62,-1.10%
04-24-15,173.8,174.26,174.65,173.41,-0.37%
04-23-15,174.44,174.83,175.3,174.04,-0.33%
04-22-15,175.01,174.53,175.13,173.54,0.20%
04-21-15,174.66,174.52,175.24,174.23,-0.02%
04-20-15,174.69,174.59,175.02,173.55,-0.10%
04-17-15,174.87,174.83,175.66,173.9,-0.08%
04-16-15,175.01,175.84,176.68,174.37,-0.59%
04-15-15,176.04,175.65,177.12,175.61,0.13%
04-14-15,175.81,177,177.36,175.5,-0.78%
04-13-15,177.2,176.08,177.56,175.86,0.57%
04-10-15,176.2,176.56,176.94,175.73,-0.31%
04-09-15,176.74,176.04,176.88,175.47,0.31%
04-08-15,176.2,176.64,177.04,175.43,-0.35%
04-07-15,176.81,175.14,176.88,175.1,0.82%
04-06-15,175.37,175.15,175.98,174.8,-0.03%
04-03-15,175.43,175.92,177.23,174.86,-0.38%
04-02-15,176.1,177,177.71,175.62,-0.62%
04-01-15,177.19,178.71,178.98,176.76,-0.94%
03-31-15,178.88,178.06,179.5,177.99,0.25%
03-30-15,178.43,177.5,178.56,177.31,0.47%
03-27-15,177.59,177.75,178.26,177.19,-0.19%
03-26-15,177.93,177.2,178.48,176.95,0.31%
03-25-15,177.38,177.76,178.37,176.79,-0.28%
03-24-15,177.87,177.91,178.69,177.22,-0.13%
03-23-15,178.11,179.24,180.5,177.72,-0.74%
03-20-15,179.44,180.92,181.88,178.94,-0.91%
03-19-15,181.09,178.31,181.47,178.11,1.48%
03-18-15,178.45,180.5,181.56,178.22,-1.25%
03-17-15,180.7,180.54,181.19,179.92,-0.03%
03-16-15,180.75,181.67,181.96,180.08,-0.59%
03-13-15,181.82,179.61,181.97,178.98,1.15%
03-12-15,179.75,180.59,181.53,178.54,-0.57%
03-11-15,180.78,179.88,180.97,179.31,0.41%
03-10-15,180.04,177.84,180.04,177.83,1.15%
03-09-15,178,177.3,178.33,176.72,0.35%
03-06-15,177.38,175.75,177.71,175.05,0.82%
03-05-15,175.93,175.49,176.08,175.15,0.15%
03-04-15,175.67,174.65,175.83,174.33,0.49%
03-03-15,174.81,175.68,176.17,174.38,-0.60%
03-02-15,175.86,175.61,176.54,175.21,0.11%
02-27-15,175.66,176,176.19,174.91,-0.30%
02-26-15,176.18,175.68,176.26,174.6,0.19%
02-25-15,175.85,176.61,176.92,175.16,-0.53%
02-24-15,176.79,177.03,178.5,176.54,-0.23%
02-23-15,177.2,177.11,177.82,176.91,-0.20%
02-20-15,177.55,177.57,177.92,177.24,-0.11%
02-19-15,177.75,177.06,178.05,177,0.29%
02-18-15,177.24,177.1,178.25,176.95,-0.02%
02-17-15,177.27,176.16,177.32,175.38,0.54%
02-16-15,176.32,175.73,176.75,175.15,0.22%
02-13-15,175.94,176.23,176.5,175.37,-0.27%
02-12-15,176.41,177.35,178.12,176.22,-0.63%
02-11-15,177.52,175.97,177.83,175.41,0.78%
02-10-15,176.14,175.16,176.38,174.16,0.47%
02-09-15,175.32,175.63,176.23,175.01,-0.30%
02-06-15,175.85,173.61,175.95,173.42,1.19%
02-05-15,173.79,173.98,174.82,173.47,-0.21%
02-04-15,174.16,174.49,175.05,173.35,-0.29%
02-03-15,174.67,175.47,176.08,174.32,-0.55%
02-02-15,175.64,176.13,176.51,175.4,-0.42%
01-30-15,176.38,175.92,177,174.63,0.16%
01-29-15,176.09,173.62,176.22,173.55,1.32%
01-28-15,173.8,172.49,174.25,172.42,0.65%
01-27-15,172.67,172.63,173.58,172.09,-0.08%
01-26-15,172.81,172.95,173.44,172.12,-0.11%
01-23-15,173,174.62,175.25,172.59,-1.02%
01-22-15,174.79,174.07,175.42,174.03,0.32%
01-21-15,174.24,174.92,175.75,173.87,-0.49%
01-20-15,175.09,173.38,175.34,173.34,0.88%
01-19-15,173.56,173.71,174.77,172.95,-0.16%
01-16-15,173.84,173.7,174.39,173.2,-0.02%
01-15-15,173.88,174.6,175.56,173.68,-0.51%
01-14-15,174.77,173.89,175.33,173.57,0.41%
01-13-15,174.06,174.37,175.17,173.56,-0.28%
01-12-15,174.55,174.6,175.56,173.92,-0.19%
01-09-15,174.88,176.11,176.54,174.64,-0.79%
01-08-15,176.28,176.68,177.37,176.01,-0.32%
01-07-15,176.84,176.71,177.72,176.08,-0.02%
01-06-15,176.88,178.25,178.48,176.35,-0.87%
01-05-15,178.43,178.15,178.88,177.87,0.04%
01-02-15,178.36,175.87,178.41,175.76,1.33%
01-01-15,176.02,176.06,176.32,175.82,-0.14%
12-31-14,176.26,176.69,177.12,175.05,-0.34%
12-30-14,176.87,176.64,177.23,176.21,0.03%
12-29-14,176.82,176.62,177.1,176.15,-0.11%
12-26-14,177.02,177.65,178,176.58,-0.44%
12-25-14,177.81,177.51,178.34,177.36,0.07%
12-24-14,177.69,177.57,177.89,176.71,-0.03%
12-23-14,177.74,176.69,177.93,175.6,0.50%
12-22-14,176.86,176.67,176.86,176.67,-0.01%
12-19-14,176.87,176.79,177.38,176.24,-0.05%
12-18-14,176.96,176.98,178.56,176.13,-0.05%
12-17-14,177.05,174.48,177.43,174.46,1.37%
12-16-14,174.66,177.16,177.66,174.18,-1.51%
12-15-14,177.33,178.23,178.82,177.14,-0.66%
12-12-14,178.5,178.03,178.88,177.64,0.17%
12-11-14,178.2,178.18,178.58,177.32,-0.09%
12-10-14,178.36,178.34,179.29,177.8,-0.11%
12-09-14,178.56,179.98,180.78,177.89,-0.88%
12-08-14,180.15,182.28,182.52,179.77,-1.22%
12-05-14,182.37,180.57,182.45,180.31,0.90%
12-04-14,180.74,181.3,181.92,180.33,-0.41%
12-03-14,181.48,181.19,181.93,180.51,0.06%
12-02-14,181.37,180.24,181.56,179.43,0.52%
12-01-14,180.44,181.05,182.43,179.65,-0.42%
11-28-14,181.21,179.13,181.22,179.01,1.10%
11-27-14,179.24,179.62,179.92,178.51,-0.31%
11-26-14,179.8,180.77,180.96,179.59,-0.61%
11-25-14,180.91,181.2,181.9,180.44,-0.26%
11-24-14,181.38,181.24,182.06,180.82,-0.03%
11-21-14,181.43,181.48,182.33,180.76,-0.10%
11-20-14,181.62,181.83,182.59,181.13,-0.21%
11-19-14,182.01,179.62,182.08,179.51,1.20%
11-18-14,179.86,179.64,180.03,178.84,0.04%
11-17-14,179.78,179.35,180.28,178.25,0.10%
11-14-14,179.6,178.88,180.39,178.81,0.30%
11-13-14,179.06,178.66,179.57,178.16,0.13%
11-12-14,178.83,178.58,180.18,178.03,0.04%
11-11-14,178.76,178.02,179.57,177.57,0.33%
11-10-14,178.17,177.36,178.21,176.97,0.37%
11-07-14,177.51,178.33,179.11,177.28,-0.55%
11-06-14,178.5,178.26,179.52,177.19,0.07%
11-05-14,178.37,176.18,178.88,175.71,1.16%
11-04-14,176.33,176.86,177.14,175.83,-0.40%
11-03-14,177.03,175.53,177.14,175.05,0.79%
10-31-14,175.64,172.48,175.88,172.15,1.83%
10-30-14,172.49,172.29,173.32,172.13,-0.01%
10-29-14,172.5,171.32,172.71,170.77,0.62%
10-28-14,171.43,171.69,172.08,171.18,-0.26%
10-27-14,171.87,172.57,172.89,171.59,-0.58%
10-24-14,172.88,173.15,173.67,172.39,-0.16%
10-23-14,173.15,171.97,173.37,171.9,0.53%
10-22-14,172.23,172.23,172.6,171.6,-0.10%
10-21-14,172.41,172.44,172.69,171.84,-0.05%
10-20-14,172.49,173.4,173.83,172.31,-0.66%
10-17-14,173.64,173.12,174.27,173.06,0.21%
10-16-14,173.28,173.1,174.38,172.49,0.05%
10-15-14,173.2,173.91,174.69,172.54,-0.44%
10-14-14,173.96,173.99,174.49,173.27,-0.14%
10-13-14,174.2,175.02,175.32,173.87,-0.57%
10-10-14,175.19,173.33,175.51,173.33,0.97%
10-09-14,173.5,175,175.47,173.29,-0.96%
10-08-14,175.18,173.63,175.44,173.63,0.54%
10-07-14,174.24,173.26,174.38,173.06,0.07%
10-06-14,174.12,175.06,175.09,173.91,0.72%
10-03-14,172.88,172.83,172.88,172.83,-0.02%
10-02-14,172.91,172.8,173.34,172.19,-0.15%
10-01-14,173.17,172.15,173.44,172.15,0.76%
09-30-14,171.86,171.61,171.92,171.02,0.34%
09-29-14,171.28,171.01,171.68,170.8,0.49%
09-26-14,170.44,169.98,170.52,169.62,0.21%
09-25-14,170.09,169.44,170.26,169.44,0.37%
09-24-14,169.47,169.45,169.75,169.17,0.00%
09-23-14,169.47,169.83,170.22,169.02,-0.04%
09-22-14,169.53,169.46,169.93,169.1,-0.29%
09-19-14,170.03,169.91,170.84,169.6,0.01%
09-18-14,170.01,169.85,170.01,169.24,0.85%
09-17-14,168.57,167.89,168.66,167.89,-0.01%
09-16-14,168.59,168.95,168.99,167.89,-0.29%
09-15-14,169.08,169.24,169.8,168.77,0.19%
09-12-14,168.76,168.96,169.77,168.59,-0.14%
09-11-14,169,168.33,169.1,168.28,0.14%
09-10-14,168.76,168.63,168.86,168.63,0.08%
09-09-14,168.62,166.74,168.62,166.72,1.09%
09-08-14,166.81,166.75,166.81,166.75,-0.04%
09-05-14,166.87,166.63,167.32,166.54,0.52%
09-04-14,166.01,165.75,166.18,165.62,-0.05%
09-03-14,166.09,165.6,166.34,165.23,0.25%
09-02-14,165.67,164.87,165.79,164.65,0.44%
09-01-14,164.94,164.93,165.38,164.76,-0.08%
08-29-14,165.07,165.2,165.53,164.84,-0.11%
08-28-14,165.25,164.97,165.26,164.82,0.08%
08-27-14,165.12,164.95,165.19,164.83,-0.07%
08-26-14,165.24,165.35,165.71,165.12,-0.31%
08-25-14,165.75,165.6,166.32,165.6,0.16%
08-22-14,165.49,165.95,166.18,165,-0.55%
08-21-14,166.41,166.58,166.9,166.18,-0.10%
08-20-14,166.58,165.98,166.58,165.86,0.50%
08-19-14,165.75,165.44,166.03,165.44,0.05%
08-18-14,165.66,165.58,165.91,165.18,-0.28%
08-15-14,166.12,166.01,166.18,165.98,0.08%
08-14-14,165.99,167.27,167.62,165.81,-0.86%
08-13-14,167.43,166.73,167.43,166.66,0.38%
08-12-14,166.8,167.27,167.42,166.64,-0.39%
08-11-14,167.45,167.33,167.89,166.97,-0.55%
08-08-14,168.38,168.18,169.07,167.9,0.05%
08-07-14,168.29,167.57,168.55,167.24,0.30%
08-06-14,167.78,167.61,167.83,167.28,0.70%
08-05-14,166.62,166.76,167.28,166.42,-0.38%
08-04-14,167.25,166.87,167.46,166.5,-0.40%
08-01-14,167.93,167.19,168.12,166.8,0.86%
07-31-14,166.5,166.31,166.6,165.9,0.27%
07-30-14,166.05,166.06,166.25,165.31,0.12%
07-29-14,165.85,165.63,165.96,165.38,0.00%
07-28-14,165.85,165.76,166.01,165.26,0.08%
07-25-14,165.72,166.33,166.69,165.51,-0.28%
07-24-14,166.19,165.15,166.41,165.15,0.59%
07-23-14,165.22,164.92,165.28,164.78,0.02%
07-22-14,165.18,165.05,165.33,164.86,-0.14%
07-21-14,165.41,165.68,165.83,165.27,-0.25%
07-18-14,165.83,166.63,166.87,165.66,-0.04%
07-17-14,165.89,165.73,166.62,165.31,-0.29%
07-16-14,166.37,165.48,166.9,165.48,0.56%
07-15-14,165.44,164.13,165.66,164.13,0.72%
07-14-14,164.25,164.31,164.52,163.87,-0.01%
07-11-14,164.27,163.67,164.45,163.59,0.53%
07-10-14,163.4,162.72,163.59,162.72,0.08%
07-09-14,163.27,163.17,163.45,163.14,0.06%
07-08-14,163.17,162.94,163.23,162.83,0.07%
07-07-14,163.05,162.45,163.12,162.45,0.21%
07-04-14,162.71,162.33,162.84,162.27,0.15%
07-03-14,162.47,162.43,162.79,162.2,-0.06%
07-02-14,162.56,162.93,163.09,162.35,-0.30%
07-01-14,163.05,163.02,163.33,162.89,-0.04%
06-30-14,163.12,162.87,163.25,162.69,0.02%
06-27-14,163.09,163.16,163.37,162.77,-0.16%
06-26-14,163.35,163.24,163.37,162.95,-0.15%
06-25-14,163.6,163.43,163.9,163.43,0.04%
06-24-14,163.53,163.49,163.8,163.31,-0.10%
06-23-14,163.69,163.68,163.96,163.33,-0.23%
06-20-14,164.06,163.54,164.12,163.48,0.30%
06-19-14,163.57,163.18,163.7,163.18,-0.38%
06-18-14,164.19,164.23,164.51,163.93,0.04%
06-17-14,164.13,163.89,164.28,163.77,0.15%
06-16-14,163.88,163.93,164.32,163.72,-0.04%
06-13-14,163.95,163.53,164.15,163.53,0.18%
06-12-14,163.66,163.27,163.78,163.25,0.34%
06-11-14,163.1,163.2,163.42,162.98,-0.20%
06-10-14,163.42,162.78,163.48,162.68,0.30%
06-09-14,162.93,163.07,163.2,162.66,-0.15%
06-06-14,163.18,163.32,163.39,163,0.05%
06-05-14,163.1,163.93,164.17,162.92,-0.40%
06-04-14,163.75,163.65,163.83,163.44,0.07%
06-03-14,163.64,163.92,164.26,163.49,-0.21%
06-02-14,163.98,163.35,164.13,163.31,0.37%
05-30-14,163.38,163.29,163.83,163.16,-0.17%
05-29-14,163.66,163.24,163.66,163.17,0.13%
05-28-14,163.45,163.75,163.92,163.08,-0.26%
05-27-14,163.87,164,164.33,163.59,-0.18%
05-26-14,164.17,164.17,164.37,163.97,-0.10%
05-23-14,164.33,164.19,164.5,164.01,-0.01%
05-22-14,164.35,164.61,164.74,164.18,-0.25%
05-21-14,164.76,164.22,164.89,164.17,0.23%
05-20-14,164.39,163.75,164.82,163.67,0.28%
05-19-14,163.93,164.09,164.44,163.57,-0.19%
05-16-14,164.25,164.81,164.94,164.12,-0.16%
05-15-14,164.51,164.85,165.11,164.38,-0.31%
05-14-14,165.02,164.02,165.13,163.89,0.53%
05-13-14,164.15,163.98,164.19,163.69,-0.07%
05-12-14,164.26,164.72,164.79,164.16,-0.12%
05-09-14,164.46,164.12,164.59,163.85,0.15%
05-08-14,164.21,164.05,164.44,163.96,0.12%
05-07-14,164.02,164.78,165.14,163.83,-0.87%
05-06-14,165.46,164.84,165.48,164.84,0.32%
05-05-14,164.94,164.62,165.03,164.57,0.22%
05-02-14,164.57,164.64,165.06,164.47,-0.33%
05-01-14,165.12,164.99,165.12,164.99,0.00%
04-30-14,165.12,164.65,165.28,164.53,0.30%
04-29-14,164.63,165,165.27,164.54,-0.56%
04-28-14,165.55,166.07,166.35,165.46,-0.57%
04-25-14,166.5,166.02,166.62,165.78,0.07%
04-24-14,166.39,166.55,166.68,166.01,-0.17%
04-23-14,166.67,166.47,166.77,166.22,0.17%
04-22-14,166.39,166.75,167.36,166.21,-0.27%
04-21-14,166.84,166.66,166.96,166.47,0.04%
04-18-14,166.77,166.96,167.15,166.51,-0.13%
04-17-14,166.99,166.32,167.21,166.17,0.03%
04-16-14,166.94,167.26,167.95,166.6,-0.25%
04-15-14,167.36,167.04,167.86,166.97,0.11%
04-14-14,167.18,167.25,167.56,166.92,0.26%
04-11-14,166.74,167.3,167.88,166.33,-0.41%
04-10-14,167.43,167.09,167.75,166.31,-0.32%
04-09-14,167.97,168.84,168.9,167.85,-1.09%
04-08-14,169.82,169.79,169.93,169.39,-0.06%
04-07-14,169.92,169.15,170.04,169.15,0.12%
04-04-14,169.72,170.22,170.46,169.33,-0.37%
04-03-14,170.35,170.39,170.78,170.23,-0.05%
04-02-14,170.43,170.18,170.63,170.06,-0.06%
04-01-14,170.53,170.68,171.22,170.37,-0.44%
03-31-14,171.28,171.6,171.85,170.92,-0.56%
03-28-14,172.25,171.71,172.48,171.71,-0.16%
03-27-14,172.53,173.02,173.3,172.27,-0.35%
03-26-14,173.14,173.29,173.64,172.85,-0.53%
03-25-14,174.06,173.79,174.79,173.63,0.06%
03-24-14,173.95,173.32,174.07,173.12,0.27%
03-21-14,173.49,173.05,174,173.01,0.29%
03-20-14,172.98,173.56,173.78,172.44,0.09%
03-19-14,172.82,172.62,173.13,172.42,0.06%
03-18-14,172.72,172.7,173.06,172.39,-0.06%
03-17-14,172.83,174.21,174.64,172.68,-0.78%
03-14-14,174.18,174.04,174.99,174.04,-0.11%
03-13-14,174.38,173.55,174.38,173.54,0.09%
03-12-14,174.23,174.13,174.3,173.71,0.40%
03-11-14,173.54,173.73,173.85,173.19,-0.19%
03-10-14,173.87,173.66,174.27,173.29,0.00%
03-07-14,173.87,173.63,174.47,173,-0.07%
03-06-14,173.99,174.72,175.13,173.81,-0.47%
03-05-14,174.81,173.78,175.02,173.71,0.23%
03-04-14,174.41,174.23,174.78,174.03,0.17%
03-03-14,174.12,174.51,175,173.65,0.33%
02-28-14,173.55,173.64,173.91,172.67,-0.58%
02-27-14,174.56,174.51,175.07,173.79,0.29%
02-26-14,174.05,175.22,175.49,173.6,-0.75%
02-25-14,175.36,175.27,175.78,174.76,-0.47%
02-24-14,176.19,176.45,177.1,176.09,0.02%
02-21-14,176.15,176.36,176.73,175.84,-0.06%
02-20-14,176.25,175.34,176.6,175.34,0.50%
02-19-14,175.38,175.34,176.06,175.24,-0.13%
02-18-14,175.61,174.65,175.89,174.65,0.42%
02-17-14,174.88,174.37,175.21,174.37,-0.24%
02-14-14,175.3,175.13,175.51,174.78,-0.31%
02-13-14,175.84,174.97,175.93,174.92,0.33%
02-12-14,175.27,175.68,176.25,175.11,-0.81%
02-11-14,176.7,177.06,177.17,176.61,-0.20%
02-10-14,177.05,177.1,177.25,176.51,-0.14%
02-07-14,177.29,177.24,177.7,176.97,-0.42%
02-06-14,178.03,177.49,178.12,177.07,0.10%
02-05-14,177.86,177.49,178.68,177.32,-0.55%
02-04-14,178.85,179.3,179.86,178.38,-0.07%
02-03-14,178.97,178.15,179.11,177.82,0.31%
01-31-14,178.41,178.18,178.41,178.18,0.08%
01-30-14,178.27,176.69,178.42,176.48,0.89%
01-29-14,176.7,177.29,177.5,176.28,-0.96%
01-28-14,178.42,178.38,178.78,178.05,-0.43%
01-27-14,179.19,179.35,179.78,178.79,0.32%
01-24-14,178.61,177.61,178.7,177.46,0.69%
01-23-14,177.39,176.36,177.56,176.36,0.55%
01-22-14,176.42,176.67,176.89,176.15,0.20%
01-21-14,176.07,175.68,176.13,175.56,0.18%
01-20-14,175.75,175.49,176.13,175.49,0.14%
01-17-14,175.5,175.18,175.62,174.94,-0.07%
01-16-14,175.62,176.1,176.3,175.51,-0.17%
01-15-14,175.92,175.75,176.15,175.48,0.32%
01-14-14,175.36,174.84,175.48,174.79,0.26%
01-13-14,174.91,174.46,174.95,174.38,-0.30%
01-10-14,175.44,175.51,175.96,175.17,-0.07%
01-09-14,175.56,176.63,176.88,175.27,-0.31%
01-08-14,176.11,176.55,176.88,175.69,-0.36%
01-07-14,176.74,175.9,177.07,175.6,0.40%
01-06-14,176.03,174.37,176.44,174.24,0.92%
01-03-14,174.42,173.84,174.75,173.76,0.46%
01-02-14,173.62,173.58,173.84,173.2,-0.44%
01-01-14,174.38,174.3,174.38,174.3,0.00%
12-31-13,174.38,174.08,174.49,174.07,0.13%
12-30-13,174.16,173.64,174.18,173.56,0.21%
12-27-13,173.79,173.98,174.34,173.41,-0.33%
12-26-13,174.37,174.51,174.68,174.14,-0.14%
12-25-13,174.62,174.45,174.64,174.22,0.00%
12-24-13,174.62,174.68,174.93,174.35,-0.05%
12-23-13,174.71,174.81,175.04,174.42,-0.10%
12-20-13,174.89,174.75,175.29,174.52,0.19%
12-19-13,174.55,173.58,174.99,173.38,0.72%
12-18-13,173.3,173.32,173.5,173.08,0.12%
12-17-13,173.1,173.23,173.34,173,-0.19%
12-16-13,173.43,173.58,173.78,173.08,-0.04%
12-13-13,173.5,173.24,173.63,173.22,0.18%
12-12-13,173.19,173.51,173.88,172.95,-0.05%
12-11-13,173.28,173.09,173.56,172.99,0.00%
12-10-13,173.28,173.2,173.61,173.02,-0.07%
12-09-13,173.4,173.04,173.56,172.94,-0.23%
12-06-13,173.8,173.71,174.13,173.58,-0.01%
12-05-13,173.81,174.12,174.36,173.71,-0.28%
12-04-13,174.3,174.02,174.48,173.96,0.06%
12-03-13,174.19,173.64,174.63,173.64,0.27%
12-02-13,173.72,173.57,173.83,173.33,0.03%
11-29-13,173.67,174.01,174.16,173.52,-0.32%
11-28-13,174.22,174.51,174.86,174.03,0.03%
11-27-13,174.16,173.96,174.28,173.89,0.06%
11-26-13,174.06,173.85,174.32,173.71,0.03%
11-25-13,174,173.95,174.53,173.6,-0.11%
11-22-13,174.19,174.21,174.5,173.91,-0.07%
11-21-13,174.32,173.36,174.7,173.36,0.50%
11-20-13,173.46,173.11,173.76,173.04,0.15%
11-19-13,173.2,173.14,173.69,173.05,-0.01%
11-18-13,173.22,174.37,174.46,173.1,-0.71%
11-15-13,174.45,175.33,175.48,174.37,-0.55%
11-14-13,175.41,175.7,175.78,174.94,-0.21%
11-13-13,175.78,176.07,176.39,175.68,-0.23%
11-12-13,176.18,175.98,176.31,175.39,0.06%
11-11-13,176.07,174.38,176.14,174.38,0.92%
11-08-13,174.46,174.43,174.91,174.37,-0.07%
11-07-13,174.59,173.94,174.66,173.82,0.33%
11-06-13,174.01,174.02,174.5,173.89,-0.05%
11-05-13,174.1,174.16,174.34,173.85,-0.07%
11-04-13,174.23,173.93,174.41,173.93,0.13%
11-01-13,174.01,174.06,174.71,173.83,-0.07%
10-31-13,174.14,173.71,174.22,173.71,0.16%
10-30-13,173.86,174.39,174.62,173.64,-0.36%
10-29-13,174.48,174.32,174.56,174.03,0.01%
10-28-13,174.47,174.55,174.86,174.16,-0.10%
10-25-13,174.64,174.58,174.96,174.31,-0.06%
10-24-13,174.75,173.79,174.75,173.3,0.44%
10-23-13,173.98,173.5,174.09,173.25,0.20%
10-22-13,173.64,174.19,174.78,173.48,-0.41%
10-21-13,174.35,173.86,174.57,173.76,0.24%
10-18-13,173.94,174.21,174.38,173.82,-0.20%
10-17-13,174.29,174.8,174.97,174.11,-0.38%
10-16-13,174.96,174.4,175.31,174.4,0.28%
10-15-13,174.48,175.36,175.46,174.22,-0.56%
10-14-13,175.47,174.97,175.61,174.88,0.24%
10-11-13,175.05,175.15,175.25,174.72,-0.10%
10-10-13,175.23,175.69,176.02,175.15,-0.31%
10-09-13,175.77,175.47,175.86,175.47,0.07%
10-08-13,175.64,174.91,175.95,174.78,0.35%
10-07-13,175.03,174.91,175.16,174.46,0.00%
10-04-13,175.03,174.91,175.5,174.68,-0.05%
10-03-13,175.12,175.41,175.62,174.91,-0.23%
10-02-13,175.52,175.23,175.88,175.13,0.09%
10-01-13,175.37,175.34,175.85,175.14,-0.09%
09-30-13,175.53,175.5,176.25,175.29,-0.06%
09-27-13,175.63,175.59,176.22,175.17,-0.05%
09-26-13,175.72,175.86,175.99,175.18,-0.14%
09-25-13,175.96,175.52,176.36,175.52,0.21%
09-24-13,175.59,175.44,175.92,175.11,0.04%
09-23-13,175.52,175.78,176.18,175.34,-0.19%
09-20-13,175.86,174.94,175.9,174.94,0.46%
09-19-13,175.05,174.76,175.05,174.76,-0.96%
09-18-13,176.74,176.77,176.91,176.62,-0.06%
09-17-13,176.85,176.67,177.58,176.67,0.06%
09-16-13,176.75,177.46,177.55,176.63,-0.44%
09-13-13,177.54,176.98,177.92,176.9,0.27%
09-12-13,177.06,177.45,177.52,176.72,-0.26%
09-11-13,177.53,177.34,178.13,177,0.01%
09-10-13,177.51,177.55,177.95,176.65,-0.05%
09-09-13,177.59,178.39,178.42,177.49,-0.51%
09-06-13,178.5,179.29,179.59,178.39,-0.49%
09-05-13,179.37,178.71,179.71,177.95,0.31%
09-04-13,178.81,179.35,180.22,178.7,-0.39%
09-03-13,179.51,179.45,179.61,178.7,-0.02%
09-02-13,179.55,181.29,181.39,179.41,-1.01%
08-30-13,181.39,181.71,181.81,181.04,-0.23%
08-29-13,181.81,181.83,182.08,181.08,-0.19%
08-28-13,182.16,182.41,182.99,182.05,-0.21%
08-27-13,182.55,181.72,182.61,181.72,0.40%
08-26-13,181.83,181.79,182.11,181.54,-0.09%
08-23-13,181.99,183.05,183.18,181.88,-0.66%
08-22-13,183.2,182.56,184.05,182.56,0.26%
08-21-13,182.73,182.94,183.11,182.15,-0.15%
08-20-13,183,182.57,183.63,182.04,0.17%
08-19-13,182.69,182,182.69,181.69,0.33%
08-16-13,182.09,182.9,182.99,181.9,-0.49%
08-15-13,182.99,182.68,182.99,182.63,0.11%
08-14-13,182.78,182.6,183.22,182.6,0.01%
08-13-13,182.76,181.91,182.82,181.91,0.42%
08-12-13,182,181.47,182.18,181.36,0.24%
08-09-13,181.56,181.68,182.1,180.79,-0.12%
08-08-13,181.78,182.19,182.38,181.63,-0.27%
08-07-13,182.27,181.94,183,181.79,0.15%
08-06-13,182,181.8,182.26,181.47,0.05%
08-05-13,181.91,183.35,183.45,181.58,-0.83%
08-02-13,183.43,183.14,183.94,183.07,0.09%
08-01-13,183.26,183.26,183.46,182.46,-0.04%
07-31-13,183.34,181.94,183.34,181.88,0.69%
07-30-13,182.08,181.36,182.17,181.16,0.35%
07-29-13,181.44,181.46,181.54,180.7,-0.06%
07-26-13,181.55,181.9,181.99,180.89,-0.25%
07-25-13,182,181.79,182.48,181.72,0.07%
07-24-13,181.88,181.94,182.03,181.22,-0.10%
07-23-13,182.06,181.57,182.2,181.54,-0.08%
07-22-13,182.2,182.54,182.62,182.03,-0.23%
07-19-13,182.62,183.04,183.59,182.41,-0.29%
07-18-13,183.16,182.03,183.78,182.03,0.58%
07-17-13,182.11,181.65,182.95,181.63,0.21%
07-16-13,181.73,182.73,183.01,181.53,-0.60%
07-15-13,182.82,183.11,183.53,182.53,-0.21%
07-12-13,183.21,183.2,183.5,182.28,-0.04%
07-11-13,183.29,184.92,185.01,182.75,-0.97%
07-10-13,185.09,186.19,186.62,184.85,-0.67%
07-09-13,186.33,187.15,187.31,185.86,-0.48%
07-08-13,187.23,186.15,187.99,186.15,0.51%
07-05-13,186.28,185.99,186.75,185.59,0.11%
07-04-13,186.07,186.1,186.5,185.67,-0.06%
07-03-13,186.18,184.98,186.77,184.98,0.61%
07-02-13,185.06,185.1,185.27,184.11,-0.06%
07-01-13,185.18,185.97,186.57,184.46,-0.51%
06-28-13,186.13,186.64,186.8,185.55,-0.32%
06-27-13,186.72,187.89,187.97,186.59,-0.71%
06-26-13,188.06,187.56,188.26,186.99,0.18%
06-25-13,187.73,188.91,189.34,187.45,-0.72%
06-24-13,189.09,188.41,189.37,187.92,0.27%
06-21-13,188.58,188.33,189.31,187.62,0.83%
06-20-13,187.02,184.45,187.14,184.45,1.32%
06-19-13,184.59,185.07,185.42,184.31,-0.30%
06-18-13,185.15,184.05,185.21,183.99,0.54%
06-17-13,184.16,183.85,184.38,183.6,0.12%
06-14-13,183.94,184.08,184.45,183.35,-0.17%
06-13-13,184.25,183.87,185.28,183.87,0.16%
06-12-13,183.95,184.65,185.11,183.71,-0.42%
06-11-13,184.73,183.77,185.56,183.77,0.43%
06-10-13,183.93,182.14,184,182.14,0.94%
06-07-13,182.22,182.34,182.42,180.34,-0.09%
06-06-13,182.38,182.53,182.58,182.26,-0.13%
06-05-13,182.61,183.23,183.65,181.89,-0.38%
06-04-13,183.3,182.53,183.41,182.48,0.34%
06-03-13,182.67,184.27,184.41,182.21,-0.94%
05-31-13,184.4,184.07,184.41,183.25,0.14%
05-30-13,184.15,184.78,184.86,183.71,-0.37%
05-29-13,184.84,184.27,185.09,184.09,0.29%
05-28-13,184.31,183.34,184.31,182.87,0.50%
05-27-13,183.4,183.88,184.3,182.91,-0.33%
05-24-13,184,183.94,184.67,183.04,-0.02%
05-23-13,184.03,181.67,184.11,181.67,1.28%
05-22-13,181.7,180.98,181.74,180.98,0.30%
05-21-13,181.16,182.06,182.24,180.95,-0.52%
05-20-13,182.11,181.93,182.45,181.69,0.01%
05-17-13,182.09,181.74,182.2,181.72,0.17%
05-16-13,181.78,181.35,181.85,180.97,0.22%
05-15-13,181.39,180.63,181.48,180.63,0.38%
05-14-13,180.71,181.1,181.29,180.04,-0.23%
05-13-13,181.12,180.08,181.65,180.08,0.56%
05-10-13,180.11,178.05,180.39,178.05,1.12%
05-09-13,178.12,176.84,178.19,176.15,0.67%
05-08-13,176.93,177.11,177.3,176.45,-0.14%
05-07-13,177.17,177.5,177.88,177.07,-0.22%
05-06-13,177.56,178.2,178.26,177.24,-0.41%
05-03-13,178.29,179.03,179.12,177.93,-0.46%
05-02-13,179.11,178.44,179.13,178.04,0.27%
05-01-13,178.63,178.61,178.9,178.44,-0.03%
04-30-13,178.69,178.87,179.18,178.43,-0.24%
04-29-13,179.12,180.13,180.21,179.03,-0.63%
04-26-13,180.25,180.08,180.5,179.36,0.04%
04-25-13,180.17,180.74,180.82,180,-0.35%
04-24-13,180.81,181.13,181.44,180.74,-0.21%
04-23-13,181.19,181.07,181.79,180.55,0.03%
04-22-13,181.13,181.13,182.03,180.94,-0.05%
04-19-13,181.22,181.1,181.71,180.46,0.03%
04-18-13,181.16,181.75,182.38,180.86,-0.38%
04-17-13,181.85,179.51,181.85,179.51,0.93%
04-16-13,180.17,180.95,181.83,180.07,-0.47%
04-15-13,181.02,182.32,182.73,180.63,-0.76%
04-12-13,182.41,182.23,183.12,182,0.05%
04-11-13,182.31,182.41,182.82,181.68,-0.56%
04-10-13,183.33,183.63,184.25,183.04,-0.21%
04-09-13,183.72,184.32,184.63,182.93,-0.27%
04-08-13,184.22,183.35,184.25,182.8,0.42%
04-05-13,183.45,181.29,183.57,181.09,1.14%
04-04-13,181.39,180.17,181.57,180.17,0.62%
04-03-13,180.27,180.34,181.31,179.91,-0.07%
04-02-13,180.39,179.48,180.49,178.89,0.46%
04-01-13,179.56,179.13,179.97,179.12,0.35%
03-29-13,178.94,179.11,179.53,178.67,-0.13%
03-28-13,179.17,178.85,179.49,178.33,0.18%
03-27-13,178.84,178.29,178.95,177.98,0.26%
03-26-13,178.37,178.88,179.25,177.67,-0.34%
03-25-13,178.97,180.16,180.25,178.64,-0.68%
03-22-13,180.19,179.48,180.19,179.47,0.32%
03-21-13,179.62,179.51,179.94,179.3,-0.02%
03-20-13,179.66,179.05,180.34,179.05,0.30%
03-19-13,179.12,179.23,179.3,178.07,-0.11%
03-18-13,179.31,178.67,179.79,178.67,0.31%
03-15-13,178.75,178.17,179.3,177.87,0.29%
03-14-13,178.23,176.77,178.69,176.77,0.80%
03-13-13,176.81,176.19,176.98,176.19,0.32%
03-12-13,176.24,175.92,176.62,175.8,0.13%
03-11-13,176.01,175.25,177.49,175.25,0.39%
03-08-13,175.32,174.83,175.86,174.41,0.25%
03-07-13,174.88,174.41,174.95,174.38,0.25%
03-06-13,174.45,174.61,174.65,173.86,-0.13%
03-05-13,174.67,175.19,175.25,174.38,-0.34%
03-04-13,175.26,174.18,175.72,174.18,0.55%
03-01-13,174.31,174.22,174.34,174.1,0.01%
02-28-13,174.3,174.18,174.31,173.54,0.05%
02-27-13,174.22,174.88,174.91,173.91,-0.46%
02-26-13,175.02,174.2,175.11,174.2,0.42%
02-25-13,174.28,174.01,174.78,173.97,0.09%
02-22-13,174.13,174.15,174.75,173.71,-0.06%
02-21-13,174.23,173.13,174.23,173.13,0.57%
02-20-13,173.25,172.95,173.27,172.26,0.13%
02-19-13,173.03,173.53,173.62,172.85,-0.33%
02-18-13,173.6,172.96,173.92,172.96,0.28%
02-15-13,173.12,174.1,174.26,172.7,-0.60%
02-14-13,174.17,174.21,174.41,173.74,-0.11%
02-13-13,174.36,173.91,174.83,173.91,-0.62%
02-12-13,175.44,175.77,176.19,174.79,-0.24%
02-11-13,175.86,175.77,175.86,175.77,0.00%
02-08-13,175.86,174.91,175.96,174.84,0.52%
02-07-13,174.95,174.75,175.12,174.34,0.05%
02-06-13,174.87,174.36,175.19,173.91,0.22%
02-05-13,174.48,174.77,175.21,173.91,-0.21%
02-04-13,174.85,176.15,176.23,173.89,-0.58%
02-01-13,175.87,174.84,176.44,174.61,0.53%
01-31-13,174.95,174.56,175.51,174.56,0.19%
01-30-13,174.61,174.11,174.88,173.28,0.25%
01-29-13,174.18,175.36,175.61,173.81,-0.74%
01-28-13,175.48,172.86,175.88,172.86,1.49%
01-25-13,172.91,171.8,172.91,171.8,0.59%
01-24-13,171.9,171.6,172.2,171.3,0.16%
01-23-13,171.63,170.87,171.69,170.87,0.36%
01-22-13,171.01,171,171.78,170.56,-0.04%
01-21-13,171.08,170.22,171.13,170.06,0.47%
01-18-13,170.28,170.17,170.34,169.7,0.05%
01-17-13,170.2,170.23,170.5,169.86,-0.07%
01-16-13,170.32,170.12,170.63,169.91,0.04%
01-15-13,170.26,169.79,170.27,169.52,0.25%
01-14-13,169.84,169.87,170.09,169.73,-0.07%
01-11-13,169.96,170.01,170.09,169.41,-0.08%
01-10-13,170.09,170.29,170.76,169.99,-0.14%
01-09-13,170.32,170.93,170.97,170.22,-0.38%
01-08-13,170.97,170.63,171.01,170.52,0.17%
01-07-13,170.68,170.47,170.94,170.16,0.10%
01-04-13,170.51,170.6,170.98,170.45,-0.08%
01-03-13,170.65,170.66,170.92,170.28,-0.03%
01-02-13,170.7,171.08,171.17,170.63,-0.01%
01-01-13,170.72,170.65,170.72,170.65,0.00%
12-31-12,170.72,171.23,171.39,170.56,-0.35%
12-28-12,171.32,171.9,172.43,171.17,-0.39%
12-27-12,171.99,172.08,172.17,171.77,-0.10%
12-26-12,172.17,172.12,172.42,172.01,-0.02%
12-25-12,172.2,172.13,172.25,172.04,-0.01%
12-24-12,172.21,172.65,172.83,172.13,-0.31%
12-21-12,172.74,172.42,172.81,172.33,0.15%
12-20-12,172.48,172.03,172.59,172,0.26%
12-19-12,172.03,172.12,172.41,171.93,-0.08%
12-18-12,172.17,171.57,172.29,171.57,0.12%
12-17-12,171.97,172.04,172.41,171.67,-0.17%
12-14-12,172.26,172.14,172.52,171.81,-0.08%
12-13-12,172.39,171.36,172.45,171.26,0.38%
12-12-12,171.74,171.99,172.58,171.66,-0.23%
12-11-12,172.13,172.94,173.06,172.04,-0.50%
12-10-12,172.99,173.6,173.79,172.94,-0.40%
12-07-12,173.69,173.85,174.12,173.33,-0.18%
12-06-12,174,173.8,174.11,173.63,0.05%
12-05-12,173.92,174,174.22,173.53,-0.11%
12-04-12,174.12,173.83,174.22,173.74,0.13%
12-03-12,173.89,173.68,174.19,173.67,0.01%
11-30-12,173.88,173.87,174.23,173.57,-0.06%
11-29-12,173.98,174.24,174.35,173.87,-0.19%
11-28-12,174.31,174.56,174.84,174.14,-0.21%
11-27-12,174.67,174.38,174.67,174,0.13%
11-26-12,174.45,174.01,174.5,173.99,0.10%
11-23-12,174.28,174.22,174.59,174.02,0.00%
11-22-12,174.28,173.65,174.38,173.33,0.31%
11-21-12,173.75,173.69,174.07,173.5,-0.02%
11-20-12,173.78,174.19,174.28,173.42,-0.29%
11-19-12,174.28,175.12,175.21,174.11,-0.30%
11-18-12,174.8,175.14,175.14,174.8,-0.23%
11-16-12,175.2,174.59,175.24,174.32,0.30%
11-15-12,174.67,174.45,175.06,174.14,0.08%
11-14-12,174.53,174.98,175.06,174.21,-0.30%
11-13-12,175.05,174.94,175.31,174.74,0.03%
11-12-12,174.99,174.13,174.99,174.13,1.23%
11-11-12,172.87,174.21,174.21,172.87,-0.77%
11-09-12,174.22,174.43,175.09,173.96,-0.16%
11-08-12,174.5,174.22,174.87,173.99,0.24%
11-07-12,174.09,174.49,174.7,173.73,-0.28%
11-06-12,174.58,174.65,174.92,174.46,-0.13%
11-05-12,174.81,174.74,175.22,174.49,-0.13%
11-04-12,175.04,174.78,175.04,174.78,0.08%
11-02-12,174.9,174.71,175.17,174.63,0.09%
11-01-12,174.75,174.74,175.25,174.56,-0.03%
10-31-12,174.81,174.84,174.94,174.58,-0.04%
10-30-12,174.88,175.76,175.8,174.49,-0.55%
10-29-12,175.85,175.55,175.88,175.07,0.74%
10-28-12,174.56,175.23,175.23,174.21,-0.62%
10-26-12,175.66,175.64,176.14,175.37,-0.16%
10-25-12,175.94,176.51,176.62,175.69,-0.42%
10-24-12,176.69,176.86,177.06,176.26,0.05%
10-23-12,176.61,175.93,176.63,175.93,0.00%
10-22-12,176.61,176.74,176.99,176.41,-0.04%
10-21-12,176.68,176.77,176.86,176.68,-0.07%
10-19-12,176.8,176.73,177.07,176.13,0.00%
10-18-12,176.8,176.49,176.84,176.37,0.08%
10-17-12,176.66,176.58,176.84,176.15,-0.01%
10-16-12,176.67,177.01,177.09,176.32,-0.24%
10-15-12,177.1,177.7,177.83,176.93,-0.20%
10-14-12,177.46,177.29,177.46,177.21,0.10%
10-12-12,177.28,177.23,177.44,176.97,-0.03%
10-11-12,177.34,177.24,177.92,177.15,-0.03%
10-10-12,177.4,176.72,177.48,176.72,0.35%
10-09-12,176.79,176.73,176.86,176.43,-0.01%
10-08-12,176.81,176.6,177,176.47,1.14%
10-07-12,174.82,175.51,175.51,174.68,-1.06%
10-05-12,176.69,176.85,177,176.13,-0.16%
10-04-12,176.98,177.07,177.4,176.83,-0.11%
10-03-12,177.18,177.07,177.18,177.07,0.00%
10-02-12,177.18,176.93,177.34,176.74,0.08%
10-01-12,177.04,177.07,177.31,176.93,-0.94%
09-30-12,178.72,178.14,178.72,178.08,0.85%
09-28-12,177.21,177.08,177.25,176.41,0.02%
09-27-12,177.18,177.52,177.76,176.92,-0.25%
09-26-12,177.63,177.46,178.02,177.41,0.15%
09-25-12,177.37,177.61,178.01,177.1,-0.15%
09-24-12,177.63,177.51,178.04,177.29,-0.01%
09-23-12,177.66,177.54,177.66,177.35,0.06%
09-21-12,177.55,177.49,177.94,177.19,0.05%
09-20-12,177.46,176.83,178.46,176.62,0.32%
09-19-12,176.9,176.97,177.1,176.49,-0.10%
09-18-12,177.07,176.64,177.18,176.55,0.19%
09-17-12,176.73,176.56,176.85,176.28,-0.20%
09-16-12,177.08,176.82,177.08,176.75,0.11%
09-14-12,176.89,178.23,178.31,176.51,-0.81%
09-13-12,178.33,178.04,178.45,177.93,0.08%
09-12-12,178.19,178.04,178.24,177.69,0.04%
09-11-12,178.11,178.05,178.43,177.85,-0.01%
09-10-12,178.13,177.79,178.31,177.73,0.92%
09-09-12,176.5,178.2,178.2,176.5,-0.96%
09-07-12,178.2,177.93,178.47,177.87,-0.34%
09-06-12,178.81,178.81,179.03,178.57,-0.11%
09-05-12,179.01,178.83,179.06,178.45,0.22%
09-04-12,178.61,178.36,178.78,178.34,0.04%
09-03-12,178.53,178.13,178.72,178.04,-0.05%
09-02-12,178.62,178.55,178.62,178.41,0.02%
08-31-12,178.59,178.6,179.05,178.4,-0.07%
08-30-12,178.72,178.6,178.88,178.4,-0.02%
08-29-12,178.75,178.63,179.04,178.35,0.04%
08-28-12,178.67,178.57,179.08,178.56,0.04%
08-27-12,178.6,178.66,179.03,178.27,-0.09%
08-26-12,178.77,178.56,178.77,178.53,0.11%
08-24-12,178.57,178.07,178.69,178.03,0.22%
08-23-12,178.18,178.11,178.44,177.71,-0.37%
08-22-12,178.84,177.87,178.85,177.69,0.49%
08-21-12,177.97,178.48,178.58,177.69,-0.35%
08-20-12,178.6,178.4,178.71,178.34,-0.02%
08-19-12,178.64,178.54,178.64,178.27,0.04%
08-17-12,178.57,178.01,178.69,177.63,0.28%
08-16-12,178.07,177.64,178.26,177.64,0.19%
08-15-12,177.74,177.7,177.8,177.5,-0.03%
08-14-12,177.8,177.41,177.98,177.12,0.17%
08-13-12,177.49,177.54,178.13,177.33,-0.02%
08-12-12,177.52,177.88,177.88,177.52,-0.18%
08-10-12,177.84,177.16,177.86,176.9,0.33%
08-09-12,177.26,177.56,177.67,176.85,-0.24%
08-08-12,177.69,177.28,177.88,176.79,0.21%
08-07-12,177.32,176.95,177.34,176.54,0.17%
08-06-12,177.02,176.52,177.3,176.33,0.66%
08-05-12,175.86,176.51,176.67,175.86,-1.26%
08-03-12,178.11,177.7,178.66,177.7,0.18%
08-02-12,177.79,176.88,177.86,176.88,0.45%
08-01-12,177,177.63,177.82,176.57,-0.41%
07-31-12,177.72,178.25,178.35,177.06,-0.34%
07-30-12,178.32,178.34,178.54,177.54,-0.09%
07-29-12,178.48,178.66,178.66,178.48,0.02%
07-27-12,178.44,179.52,179.62,178.3,-0.64%
07-26-12,179.59,179.81,179.91,179.32,-0.18%
07-25-12,179.92,179.88,180.7,179.69,-0.02%
07-24-12,179.95,180.03,180.12,179.35,-0.11%
07-23-12,180.14,179.17,180.37,179.17,0.30%
07-22-12,179.6,179.78,179.85,179.6,0.17%
07-20-12,179.29,178.44,179.43,178.44,0.38%
07-19-12,178.62,179.28,179.39,178.41,-0.35%
07-18-12,179.25,179.63,179.76,178.42,-0.27%
07-17-12,179.74,179.59,179.86,179.01,0.03%
07-16-12,179.69,179.87,180.33,179.54,0.39%
07-15-12,178.99,179.53,179.53,178.62,-0.55%
07-13-12,179.97,181.06,181.36,179.83,-0.66%
07-12-12,181.16,179.08,181.56,179,1.11%
07-11-12,179.17,178.98,180.05,178.94,0.04%
07-10-12,179.1,179.31,179.81,178.98,-0.18%
07-09-12,179.42,179.85,179.99,178.97,-0.64%
07-08-12,180.58,180.83,180.94,180.58,0.77%
07-06-12,179.2,178.28,179.22,178.28,0.46%
07-05-12,178.38,179.26,179.47,178.22,-0.45%
07-04-12,179.19,178.49,179.41,178.35,0.43%
07-03-12,178.42,180.08,180.59,178.31,-0.98%
07-02-12,180.19,179.53,180.58,179.38,0.56%
07-01-12,179.19,179.57,179.57,178.83,-0.25%
06-29-12,179.63,182.06,182.26,179.45,-1.42%
06-28-12,182.22,181.72,182.32,181.12,0.24%
06-27-12,181.79,181.98,182.19,181.55,-0.13%
06-26-12,182.02,182.52,182.81,181.74,-0.33%
06-25-12,182.62,181.98,183.1,181.58,0.04%
06-24-12,182.56,182.35,182.56,182.21,0.26%
06-22-12,182.08,181.25,182.24,181.25,0.39%
06-21-12,181.38,181.15,181.44,180.33,0.07%
06-20-12,181.25,181.39,181.77,180.86,-0.15%
06-19-12,181.52,181.98,182.65,181.38,-0.30%
06-18-12,182.07,182.75,183,181.67,0.50%
06-17-12,181.16,183.02,183.02,180.17,-1.00%
06-15-12,183,182.67,183.5,182.3,0.14%
06-14-12,182.74,183.05,183.49,182.64,-0.16%
06-13-12,183.04,183.41,183.68,182.91,-0.27%
06-12-12,183.54,183.84,184.39,183.2,-0.21%
06-11-12,183.93,182.75,183.95,182.75,1.22%
06-10-12,181.71,181.7,181.8,181.29,-1.41%
06-08-12,184.31,182.94,184.79,182.94,0.70%
06-07-12,183.02,184.45,184.63,182.7,-0.82%
06-06-12,184.54,184.64,184.73,184.26,-0.29%
06-05-12,185.07,185.24,185.77,184.55,-0.15%
06-04-12,185.34,185.64,185.92,185.13,-0.45%
06-03-12,186.18,185.57,186.18,185.48,0.29%
06-01-12,185.65,185.24,185.89,184.65,0.16%
05-31-12,185.35,185.65,186.53,184.71,-0.21%
05-30-12,185.74,185.53,185.89,185.02,0.26%
05-29-12,185.25,185.38,186.44,184.71,-0.10%
05-28-12,185.43,186.78,186.93,185.34,-0.82%
05-27-12,186.96,187.14,187.27,186.96,0.05%
05-25-12,186.87,185.44,186.97,185.38,0.72%
05-24-12,185.53,186.35,186.54,185.27,-0.49%
05-23-12,186.44,184.45,186.56,184.45,1.05%
05-22-12,184.5,184.35,184.54,183.43,0.02%
05-21-12,184.46,184.23,185.25,183.74,-0.18%
05-20-12,184.79,184.72,185.17,184.67,0.05%
05-18-12,184.69,184.24,185.84,184.24,0.21%
05-17-12,184.31,184.37,184.65,183.59,-0.09%
05-16-12,184.48,182.9,185.22,182.21,0.84%
05-15-12,182.95,182.53,183.11,182.21,0.23%
05-14-12,182.53,181.98,182.78,181.66,0.32%
05-13-12,181.95,182.09,182.57,181.95,-0.09%
05-11-12,182.12,180.99,182.12,180.75,0.62%
05-10-12,181,181.19,181.65,180.6,-0.21%
05-09-12,181.38,180.35,181.51,180.2,0.41%
05-08-12,180.64,180.4,180.64,179.72,0.08%
05-07-12,180.49,180.43,180.84,179.94,-0.54%
05-06-12,181.47,181.1,181.89,180.86,0.75%
05-04-12,180.12,179.34,180.12,179.23,0.31%
05-03-12,179.57,179.17,179.57,178.76,0.46%
05-02-12,178.74,178.68,179.19,178.5,0.02%
05-01-12,178.71,178.85,179.37,178.6,-0.22%
04-30-12,179.11,179.21,179.62,178.61,-0.44%
04-29-12,179.91,179.47,179.91,179.47,0.34%
04-27-12,179.3,179.59,180.23,179.17,-0.17%
04-26-12,179.6,180.47,180.89,179.43,-0.80%
04-25-12,181.05,180.6,181.12,180.07,0.34%
04-24-12,180.44,180.93,181.23,180.28,-0.30%
04-23-12,180.99,180.49,181.14,180.27,0.12%
04-22-12,180.76,180.67,181.15,180.67,0.09%
04-20-12,180.61,180.89,181.05,180.16,-0.09%
04-19-12,180.78,180.92,181.11,180.28,-0.17%
04-18-12,181.09,179.91,181.09,179.76,0.54%
04-17-12,180.11,179.77,181.24,179.77,0.13%
04-16-12,179.88,179.83,180.65,179.65,-0.75%
04-15-12,181.24,180.2,181.24,180.2,0.76%
04-13-12,179.87,179.89,180.47,179.28,-0.04%
04-12-12,179.95,181.23,181.55,179.88,-0.63%
04-11-12,181.09,180.54,181.91,180.54,0.28%
04-10-12,180.58,180.34,180.66,179.85,0.15%
04-09-12,180.31,179.88,180.61,179.88,0.57%
04-08-12,179.29,178.74,179.29,178.7,-0.17%
04-06-12,179.59,178.62,179.72,178.56,0.31%
04-05-12,179.04,179.47,179.81,178.48,-0.36%
04-04-12,179.69,178.59,179.69,178.14,0.66%
04-03-12,178.52,178.61,179,177.99,-0.13%
04-02-12,178.76,179.63,179.98,178.59,-0.31%
04-01-12,179.31,179.81,179.81,179.31,-0.23%
03-30-12,179.72,180.32,180.5,179.34,-0.54%
03-29-12,180.69,180.21,180.85,179.86,0.13%
03-28-12,180.46,180.14,180.79,179.79,0.18%
03-27-12,180.13,179.76,180.63,179.35,0.37%
03-26-12,179.46,180.03,181.18,179.28,0.09%
03-25-12,179.3,179.58,179.88,179.3,-0.42%
03-23-12,180.06,179.81,180.36,179.56,0.09%
03-22-12,179.9,178.71,179.9,178.22,0.67%
03-21-12,178.71,178.26,178.84,177.82,0.16%
03-20-12,178.43,177.04,178.48,177.04,0.72%
03-19-12,177.15,178.04,178.15,177.01,-0.41%
03-18-12,177.89,178.05,178.06,177.89,-0.10%
03-16-12,178.06,177.56,178.12,177.38,0.36%
03-15-12,177.43,178.81,178.95,177.31,-0.84%
03-14-12,178.93,177.4,178.93,176.95,0.68%
03-13-12,177.72,177.54,178.21,176.91,0.04%
03-12-12,177.65,176.83,177.9,176.83,0.41%
03-11-12,176.92,177.25,177.25,176.92,-0.04%
03-09-12,176.99,176.27,177.49,176.27,0.23%
03-08-12,176.59,177.92,178.41,176.46,-0.86%
03-07-12,178.12,178.18,179,177.92,-0.08%
03-06-12,178.26,177.28,178.5,176.85,0.51%
03-05-12,177.36,176.98,177.67,176.93,-0.10%
03-04-12,177.53,177.42,177.53,177.26,0.09%
03-02-12,177.37,176.71,177.42,176.41,0.24%
03-01-12,176.95,177.75,177.96,176.87,-0.37%
02-29-12,177.61,178.65,178.82,177.2,-0.67%
02-28-12,178.81,178.6,179.12,178.37,0.06%
02-27-12,178.71,178.47,179.65,178.47,0.14%
02-26-12,178.46,178.34,178.46,178.21,-0.06%
02-24-12,178.56,178.91,179,178.27,-0.26%
02-23-12,179.02,179.14,179.62,178.71,-0.13%
02-22-12,179.25,178.66,179.38,178.55,0.37%
02-21-12,178.59,177.94,179.21,177.94,0.31%
02-20-12,178.03,178.79,178.88,177.77,0.19%
02-19-12,177.69,178.96,178.96,177.69,-0.64%
02-17-12,178.83,178.71,179.22,178.02,-0.02%
02-16-12,178.87,178.5,180.15,178.5,0.20%
02-15-12,178.51,178.71,178.8,177.81,-0.22%
02-14-12,178.91,177.86,178.91,177.86,0.58%
02-13-12,177.88,178.25,178.94,177.67,-0.14%
02-12-12,178.12,178.49,178.49,177.73,-0.12%
02-10-12,178.34,177.73,178.62,177.42,0.28%
02-09-12,177.84,177.36,178.2,177.04,0.18%
02-08-12,177.52,177.16,177.76,177.01,0.15%
02-07-12,177.25,177.42,178.08,177.16,-0.15%
02-06-12,177.51,176.75,177.98,176.75,0.28%
02-05-12,177.01,176.42,177.01,176.42,-0.12%
02-03-12,177.22,177.06,178,176.88,-0.05%
02-02-12,177.31,178.06,178.19,176.98,-0.46%
02-01-12,178.13,178.36,179.13,178.06,-0.17%
01-31-12,178.43,177.98,178.62,177.6,0.17%
01-30-12,178.13,177.11,178.57,176.75,0.77%
01-29-12,176.77,176.48,176.77,176.48,-0.10%
01-27-12,176.94,177.49,177.86,176.8,-0.07%
01-26-12,177.07,177.83,178.02,176.76,-0.75%
01-25-12,178.41,178.22,178.41,177.49,0.00%
01-24-12,178.41,177.92,179.2,177.92,0.12%
01-23-12,178.19,178.85,179.04,177.65,-0.95%
01-22-12,179.89,179.12,179.89,179.12,0.53%
01-20-12,178.95,179.48,180.1,178.78,-0.35%
01-19-12,179.58,180.28,180.45,179.41,-0.49%
01-18-12,180.47,180.98,181.64,180.28,-0.39%
01-17-12,181.17,182.33,182.5,180.96,-0.66%
01-16-12,182.38,182.39,183.22,182.24,-0.48%
01-15-12,183.25,182.75,183.25,182.75,0.38%
01-13-12,182.56,182.23,182.69,181.58,0.08%
01-12-12,182.41,183.44,183.97,182.2,-0.86%
01-11-12,184,182.65,184.12,182.65,0.64%
01-10-12,182.83,183.23,183.67,182.49,-0.31%
01-09-12,183.39,183.84,184.99,183.23,-0.75%
01-08-12,184.77,183.82,184.77,183.82,0.45%
01-06-12,183.94,183.37,184.41,183.03,0.27%
01-05-12,183.45,182.27,183.52,182.12,0.55%
01-04-12,182.44,181.87,183.02,181.73,0.23%
01-03-12,182.03,183.45,183.61,181.71,-0.82%
01-02-12,183.53,184.06,184.14,183.16,-0.60%
01-01-12,184.64,184.12,184.64,184.12,0.24%
12-30-11,184.19,183.01,184.19,183.01,0.60%
12-29-11,183.1,183.03,183.39,181.62,-0.01%
12-28-11,183.12,182.78,183.39,182.18,0.13%
12-27-11,182.88,182.68,183.64,182.12,0.06%
12-26-11,182.77,181.28,182.87,180.64,0.72%
12-25-11,181.45,181.15,181.45,181.15,0.04%
12-23-11,181.38,182.02,182.13,180.92,-0.40%
12-22-11,182.11,181.54,182.86,181.53,0.27%
12-21-11,181.62,182.26,182.43,180.51,-0.45%
12-20-11,182.45,185.47,185.66,182.26,-1.69%
12-19-11,185.59,182.47,185.84,182.18,1.83%
12-18-11,182.26,182.61,182.61,182.26,-0.14%
12-16-11,182.51,181.45,182.63,180.87,0.52%
12-15-11,181.56,181.75,182.62,181.24,-0.18%
12-14-11,181.88,181.74,182.39,181.27,-0.02%
12-13-11,181.92,180.65,182.55,180.65,0.65%
12-12-11,180.75,180.15,180.75,178.76,0.41%
12-11-11,180.01,180.76,180.76,180.01,-0.10%
12-09-11,180.19,179.21,180.5,178.64,1.09%
12-08-11,178.24,177.35,178.27,177.3,0.43%
12-07-11,177.47,177.3,177.72,176.65,0.05%
12-06-11,177.38,176.67,178.09,176.67,0.35%
12-05-11,176.77,177.33,178.08,176.67,-0.03%
12-04-11,176.83,177.57,177.57,176.83,-0.34%
12-02-11,177.43,176.71,177.96,176.65,0.26%
12-01-11,176.97,178.71,178.87,175.86,-1.03%
11-30-11,178.81,178.67,179.9,178.25,0.03%
11-29-11,178.76,180.47,181.06,178.67,-1.01%
11-28-11,180.58,182.05,182.16,180.24,-0.26%
11-27-11,181.05,182.28,182.28,181.05,-0.61%
11-25-11,182.17,181.56,183.01,181.56,0.29%
11-24-11,181.65,182.37,182.49,180.93,-0.49%
11-23-11,182.55,179.77,182.55,179.77,1.18%
11-22-11,180.42,179.62,180.9,179.54,0.36%
11-21-11,179.78,179.09,179.83,178.52,0.23%
11-20-11,179.36,179.14,179.36,179,0.08%
11-18-11,179.22,179.1,179.66,177.99,0.41%
11-17-11,178.48,178.96,180.44,177.61,-0.36%
11-16-11,179.13,177.77,179.33,177.77,0.71%
11-15-11,177.87,177.16,177.87,176.74,0.28%
11-14-11,177.37,177.6,177.81,176.08,-0.13%
11-13-11,177.6,178.02,178.02,177.21,-0.02%
11-11-11,177.64,177.52,178.29,176.84,-0.44%
11-10-11,178.42,176.45,179.34,176.45,1.09%
11-09-11,176.5,175.52,176.57,174.85,0.17%
11-08-11,176.2,175.59,176.89,175.21,0.23%
11-07-11,175.8,175.12,176.67,175.12,0.60%
11-06-11,174.76,174.6,174.76,174.13,-0.24%
11-04-11,175.17,175.38,175.57,174.75,-1.34%
11-03-11,177.55,176.36,178.66,176.36,0.57%
11-02-11,176.55,176.54,178.32,175.81,-0.03%
11-01-11,176.6,174.94,176.6,174.49,0.90%
10-31-11,175.03,173.34,175.07,172.91,0.72%
10-30-11,173.78,173.57,173.78,173.48,0.18%
10-28-11,173.47,173.1,174.53,173.1,-0.31%
10-27-11,174.01,178.29,178.52,173.84,-2.46%
10-26-11,178.4,177.77,178.66,177.22,0.29%
10-25-11,177.89,177.05,177.95,176.42,0.14%
10-24-11,177.64,179.44,179.55,177.54,-1.45%
10-23-11,180.25,179.43,180.25,179.43,0.30%
10-21-11,179.72,179.59,180.72,178.95,-0.01%
10-20-11,179.74,178,179.79,177.59,1.09%
10-19-11,177.81,179.57,179.8,176.78,-1.32%
10-18-11,180.19,180.81,181,179.09,-0.06%
10-17-11,180.29,181.07,181.16,178.5,-0.46%
10-16-11,181.13,180.99,181.13,180.87,-0.06%
10-14-11,181.24,181.53,182.46,181.08,-0.17%
10-13-11,181.54,183.11,183.3,180.76,-0.90%
10-12-11,183.19,183.76,184.76,182.5,-0.31%
10-11-11,183.76,182.68,184.19,182.63,-0.12%
10-10-11,183.98,183.59,184.85,183.31,-1.16%
10-09-11,186.13,186.55,186.55,185.76,1.33%
10-07-11,183.69,185.62,185.91,183.59,-1.03%
10-06-11,185.6,186.1,187.15,185.21,-0.32%
10-05-11,186.19,186.64,187.53,185.88,-0.99%
10-04-11,188.06,188.33,189.56,186.31,1.56%
10-03-11,185.18,185.22,185.31,182.01,-0.50%
10-02-11,186.11,185.68,186.49,185.59,0.57%
09-30-11,185.06,183.62,185.37,183.45,0.80%
09-29-11,183.6,184.82,185.47,182.84,0.05%
09-28-11,183.51,182.66,185.05,181.71,0.37%
09-27-11,182.83,184.57,185.58,181.16,-1.04%
09-26-11,184.75,182.36,187.69,182.36,1.35%
09-25-11,182.3,182.45,182.72,181.93,-0.08%
09-23-11,182.44,184.66,187.1,182.15,-1.21%
09-22-11,184.68,180.08,184.83,180.08,2.50%
09-21-11,180.17,179.19,180.79,178.7,0.50%
09-20-11,179.28,178.41,181.09,178.34,0.44%
09-19-11,178.49,174.25,178.71,174.25,1.80%
09-18-11,175.34,174.11,175.75,174.11,0.60%
09-16-11,174.29,174.16,174.35,172.23,-0.05%
09-15-11,174.37,173.05,175.38,171.67,0.68%
09-14-11,173.2,168.29,173.68,168.29,2.86%
09-13-11,168.38,168.66,168.75,168.24,-0.14%
09-12-11,168.62,168.61,168.71,168.49,-0.57%
09-11-11,169.59,168.68,169.97,168.68,0.55%
09-09-11,168.67,168.47,169,168.07,0.02%
09-08-11,168.64,167.25,168.64,167.06,0.80%
09-07-11,167.3,168.1,168.2,167.19,-0.78%
09-06-11,168.61,167.41,168.61,167.32,0.66%
09-05-11,167.5,166.89,167.69,166.89,-0.14%
09-04-11,167.73,166.9,167.73,166.9,0.47%
09-02-11,166.94,166.72,167.02,166.06,0.18%
09-01-11,166.64,166.96,167.37,166.08,-0.13%
08-31-11,166.86,167.9,168.38,166.66,-0.81%
08-30-11,168.22,168.27,168.51,167.67,-0.07%
08-29-11,168.33,169.03,169.12,168.03,-0.34%
08-28-11,168.9,168.67,168.9,168.63,-0.11%
08-26-11,169.09,170.44,170.53,168.99,-0.82%
08-25-11,170.49,169.52,170.65,169.02,0.52%
08-24-11,169.6,168.43,169.72,167.78,0.66%
08-23-11,168.48,169.24,169.4,167.96,-0.48%
08-22-11,169.29,170.09,170.18,168.51,-0.79%
08-21-11,170.64,170.25,170.64,170.24,0.31%
08-19-11,170.12,169.47,170.12,168.64,0.32%
08-18-11,169.58,167.3,169.58,167.2,1.34%
08-17-11,167.33,167.73,168.44,167.29,-0.39%
08-16-11,167.99,167.1,168.19,166.95,0.47%
08-15-11,167.21,168.84,168.97,167.04,-0.62%
08-14-11,168.25,168.67,168.67,168.25,-0.37%
08-12-11,168.87,168.7,169.33,167.71,0.12%
08-11-11,168.66,169.42,170.28,168.59,0.20%
08-10-11,168.33,168.71,168.97,166.83,-0.30%
08-09-11,168.83,168.6,170.34,168.57,0.27%
08-08-11,168.38,165.71,168.86,165.7,2.70%
08-07-11,163.95,164.28,164.28,162.66,-1.07%
08-05-11,165.73,164.89,166.92,164.89,0.50%
08-04-11,164.91,164.33,164.96,163.96,0.29%
08-03-11,164.44,163.48,164.92,163.48,0.53%
08-02-11,163.57,163.09,163.57,163.09,0.23%
08-01-11,163.19,163.74,163.86,162.85,-0.61%
07-31-11,164.19,164.04,164.19,163.81,0.24%
07-29-11,163.79,163.43,163.81,163.24,0.14%
07-28-11,163.56,163.48,163.78,163.07,-0.01%
07-27-11,163.57,162.82,163.57,162.82,0.48%
07-26-11,162.79,163.58,163.9,162.67,-0.55%
07-25-11,163.69,162.92,163.98,162.92,0.05%
07-24-11,163.61,163.13,163.61,163.03,0.38%
07-22-11,162.99,162.84,163.28,162.8,0.08%
07-21-11,162.86,163.17,163.8,162.72,-0.24%
07-20-11,163.25,163.41,163.64,163.07,-0.16%
07-19-11,163.51,163.87,164.12,163.39,-0.34%
07-18-11,164.06,163.72,164.48,163.72,-9.32%
07-17-11,180.92,164.38,180.92,164.38,10.44%
07-15-11,163.81,163.73,163.98,163.47,-0.03%
07-14-11,163.86,163.29,164.04,162.89,0.37%
07-13-11,163.25,164.43,164.89,162.97,-0.77%
07-12-11,164.51,163.52,165.27,163.52,0.56%
07-11-11,163.59,163.45,164.42,163.45,-0.28%
07-10-11,164.05,163.41,164.05,163.36,0.33%
07-08-11,163.5,164.49,164.54,163.33,-0.64%
07-07-11,164.56,164.72,164.82,164.33,-0.15%
07-06-11,164.81,164.81,165.26,164.35,-0.08%
07-05-11,164.95,164.52,165.26,164.3,0.25%
07-04-11,164.54,164.66,164.78,164.25,0.26%
07-03-11,164.11,164.59,164.62,164.11,-0.40%
07-01-11,164.77,164.96,165.47,164.39,-0.14%
06-30-11,165,165.91,166.03,164.88,-0.61%
06-29-11,166.01,166.92,167.03,165.89,-0.62%
06-28-11,167.05,166.72,167.59,166.58,-0.07%
06-27-11,167.16,166.63,168.29,166.63,0.03%
06-26-11,167.12,166.74,167.12,166.54,0.30%
06-24-11,166.62,166.94,166.99,166.33,-0.45%
06-23-11,167.38,166.13,167.69,166.12,0.68%
06-22-11,166.25,166.25,166.69,165.9,-0.03%
06-21-11,166.3,167.24,167.48,166.18,-0.65%
06-20-11,167.38,167.87,168,166.94,-0.67%
06-19-11,168.5,168.05,168.5,167.99,0.41%
06-17-11,167.82,168.58,168.63,167.31,-0.50%
06-16-11,168.66,167.71,168.66,167.66,0.35%
06-15-11,168.07,166.76,168.07,166.68,0.79%
06-14-11,166.75,167.55,167.72,166.64,-0.55%
06-13-11,167.67,167.28,167.84,167.27,-0.55%
06-12-11,168.59,167.49,168.59,167.49,0.73%
06-10-11,167.36,166.81,167.36,166.27,0.28%
06-09-11,166.89,167.28,167.66,166.76,-0.25%
06-08-11,167.31,166.14,167.53,166.14,0.66%
06-07-11,166.22,166.84,167.22,165.93,-0.28%
06-06-11,166.69,166.3,166.76,166.3,0.61%
06-05-11,165.68,165.95,166.13,165.68,-0.36%
06-03-11,166.29,166.67,167.03,165.74,-0.22%
06-02-11,166.66,166.36,167.26,166.14,0.13%
06-01-11,166.44,166.4,166.62,165.74,-0.02%
05-31-11,166.47,166.58,166.67,165.74,-0.09%
05-30-11,166.62,166.74,166.77,166.04,-0.11%
05-29-11,166.8,166.34,166.8,166.34,0.06%
05-27-11,166.7,167.76,167.81,166.09,-0.69%
05-26-11,167.86,168.42,168.59,167.56,-1.07%
05-25-11,169.68,168.25,169.74,167.88,0.85%
05-24-11,168.25,168.8,169.12,167.97,-0.32%
05-23-11,168.79,166.77,168.99,166.77,0.71%
05-22-11,167.6,166.93,167.6,166.91,0.50%
05-20-11,166.76,166.96,167,166.32,-0.16%
05-19-11,167.03,167.29,167.38,166.38,-0.14%
05-18-11,167.27,167.21,167.36,166.85,-0.02%
05-17-11,167.31,167.77,168.19,167.05,-0.26%
05-16-11,167.75,167.28,168.59,167.28,-0.30%
05-15-11,168.25,167.61,168.25,167.61,0.58%
05-13-11,167.28,167.42,168.09,166.68,-0.13%
05-12-11,167.49,166.64,167.49,166.35,1.01%
05-11-11,165.82,166.37,166.46,165.28,-0.55%
05-10-11,166.73,166.45,166.8,166.38,0.11%
05-09-11,166.54,167.12,167.22,165.99,-1.11%
05-08-11,168.4,168.88,169.02,168.4,0.73%
05-06-11,167.18,166.52,167.9,166.52,0.35%
05-05-11,166.59,165.8,166.59,165.63,0.46%
05-04-11,165.82,165.17,165.82,165.03,0.36%
05-03-11,165.23,164.16,165.23,164.16,0.64%
05-02-11,164.18,164.79,164.87,163.86,-0.32%
05-01-11,164.71,164.76,165.05,164.4,0.06%
04-29-11,164.61,164.97,165.91,164.51,-0.34%
04-28-11,165.17,165.36,165.66,164.49,-0.28%
04-27-11,165.63,165.86,166.56,165.4,-0.24%
04-26-11,166.03,165.43,167.01,165.43,0.14%
04-25-11,165.8,166.09,166.26,165.38,-0.25%
04-24-11,166.22,166.7,166.7,166.22,0.06%
04-22-11,166.13,166.87,166.92,165.66,-0.11%
04-21-11,166.31,165.16,166.62,165.04,0.72%
04-20-11,165.12,166.06,166.73,164.96,-0.61%
04-19-11,166.13,166.64,167.75,165.98,-0.35%
04-18-11,166.72,166.42,167.3,166.24,-0.29%
04-17-11,167.21,166.78,167.21,166.78,0.40%
04-15-11,166.55,166.19,167.23,165.98,0.18%
04-14-11,166.25,166.16,167.45,166.05,-0.19%
04-13-11,166.57,166.81,167.78,166.03,-0.35%
04-12-11,167.16,166.31,167.42,166.1,0.43%
04-11-11,166.44,165.54,166.44,165.53,0.82%
04-10-11,165.08,165.11,165.44,165.08,-0.33%
04-08-11,165.63,166.08,166.49,165.43,-0.50%
04-07-11,166.47,165.77,166.8,165.33,0.35%
04-06-11,165.89,166.25,166.41,165.47,-0.12%
04-05-11,166.09,166.08,167.1,165.86,-0.20%
04-04-11,166.43,165.97,166.63,165.09,0.48%
04-03-11,165.64,165.75,165.92,165.64,-0.22%
04-01-11,166.01,167.29,167.75,165.7,-0.85%
03-31-11,167.44,168.15,168.4,166.87,-0.52%
03-30-11,168.31,169.26,169.42,167.55,-0.70%
03-29-11,169.49,169.48,170.21,168.99,-0.12%
03-28-11,169.7,169.39,170.27,169.27,-0.14%
03-27-11,169.93,169.57,169.93,169.57,0.29%
03-25-11,169.44,170.47,170.53,169.38,-0.34%
03-24-11,170.02,170.98,171.64,169.59,-0.84%
03-23-11,171.46,170.81,171.95,170.55,0.18%
03-22-11,171.16,170.48,171.56,170.48,0.20%
03-21-11,170.82,171.27,172.12,170.4,-0.33%
03-20-11,171.38,171.18,171.38,171.2,0.04%
03-18-11,171.31,172.43,172.53,171.24,-0.75%
03-17-11,172.61,172.85,174.38,172.19,-0.50%
03-16-11,173.47,172.46,173.47,171.74,0.23%
03-15-11,173.08,170.96,173.37,170.59,1.07%
03-14-11,171.24,170.88,173.05,170.42,0.54%
03-13-11,170.32,170.8,170.8,169.97,-0.58%
03-11-11,171.32,171.21,171.66,170.65,-0.11%
03-10-11,171.51,169.58,171.51,169.56,0.88%
03-09-11,170.02,169.58,170.38,169.14,0.12%
03-08-11,169.82,170.28,170.67,169.74,-0.53%
03-07-11,170.72,170.14,171.14,169.73,0.38%
03-06-11,170.08,169.99,170.08,169.95,-0.08%
03-04-11,170.21,169.43,170.33,169.43,0.05%
03-03-11,170.12,170.55,171.66,169.69,-0.44%
03-02-11,170.87,171.05,172.5,170.36,-0.37%
03-01-11,171.5,171.13,171.56,170.53,0.15%
02-28-11,171.25,171.22,172.09,170.94,-0.25%
02-27-11,171.69,171.41,171.69,171.28,0.17%
02-25-11,171.39,171.89,172.15,170.99,-0.40%
02-24-11,172.07,171.45,172.86,170.95,0.16%
02-23-11,171.8,171.23,172.76,170.19,0.19%
02-22-11,171.48,170.38,172.27,170.22,0.61%
02-21-11,170.44,168.83,170.59,168.83,1.14%
02-20-11,168.52,168.87,168.87,168.52,-0.37%
02-18-11,169.15,169.18,169.85,168.76,-0.06%
02-17-11,169.26,169.03,169.82,168.99,-0.22%
02-16-11,169.63,170.14,171.07,169.23,-0.41%
02-15-11,170.32,170.3,170.86,169.65,-0.04%
02-14-11,170.38,170.05,170.86,169.6,-0.42%
02-13-11,171.09,170.92,171.09,170.82,0.10%
02-11-11,170.92,169.59,171.69,169.03,0.61%
02-10-11,169.88,168.4,170.78,168.09,0.84%
02-09-11,168.47,167.61,168.67,167.53,0.28%
02-08-11,168,167.86,168.57,167.82,-0.10%
02-07-11,168.16,169.73,170.02,167.86,-1.11%
02-06-11,170.05,169.75,170.05,169.75,0.12%
02-04-11,169.85,169.73,169.85,169.73,0.00%
02-03-11,169.85,169.73,169.85,169.73,0.00%
02-02-11,169.85,169.6,169.93,169.6,0.57%
02-01-11,168.88,169.57,169.69,168.78,-0.40%
01-31-11,169.55,169.48,170.93,169.27,-0.18%
01-30-11,169.86,169.45,169.86,169.45,0.19%
01-28-11,169.54,169.29,169.54,168.62,0.14%
01-27-11,169.31,169.4,169.9,168.72,-0.19%
01-26-11,169.63,169.99,170.32,169.4,-0.48%
01-25-11,170.44,169.87,170.44,169.56,0.29%
01-24-11,169.95,169.81,170.67,169.77,0.24%
01-23-11,169.54,168.98,169.54,168.98,-0.20%
01-21-11,169.89,170.69,170.81,169.53,-0.50%
01-20-11,170.75,168.94,171.07,168.94,1.02%
01-19-11,169.03,168.76,169.39,168.28,0.11%
01-18-11,168.84,169.1,169.93,168.65,-0.21%
01-17-11,169.19,169.12,169.77,168.49,-0.07%
01-16-11,169.31,168.44,169.31,168.44,0.05%
01-14-11,169.23,168.26,169.87,167.93,0.50%
01-13-11,168.39,167.9,169.02,167.6,-0.31%
01-12-11,168.91,169.79,169.91,168.3,-0.71%
01-11-11,170.11,169.49,170.71,169.14,0.14%
01-10-11,169.88,169.21,170.84,168.56,0.12%
01-09-11,169.67,169.6,170.01,169.6,0.21%
01-07-11,169.31,169.45,169.98,168.68,-0.05%
01-06-11,169.4,169.49,170.76,168.58,-0.20%
01-05-11,169.74,170.11,171.39,169.49,-0.36%
01-04-11,170.35,170.61,170.85,169.31,-0.19%
01-03-11,170.67,170,171.72,170,0.14%
01-02-11,170.44,170.29,170.44,170.11,0.18%
12-31-10,170.13,171.17,171.53,169.66,-0.68%
12-30-10,171.29,172.98,173.22,170.86,-0.85%
12-29-10,172.75,172.53,173.55,172.33,-0.01%
12-28-10,172.76,173.24,173.72,172.53,-0.31%
12-27-10,173.29,173.64,174.11,173.05,0.29%
12-26-10,172.79,172.19,172.79,172.19,-0.51%
12-24-10,173.68,173.22,173.87,172.92,0.20%
12-23-10,173.34,173.52,173.94,172.72,-0.18%
12-22-10,173.65,173.47,174.34,172.88,0.01%
12-21-10,173.63,172.9,173.79,172.55,0.33%
12-20-10,173.06,173.52,175.91,172.11,-1.26%
12-19-10,175.27,174.86,175.27,174.83,0.91%
12-17-10,173.69,173.33,173.69,172.25,0.18%
12-16-10,173.37,173.54,174.52,172.47,-0.13%
12-15-10,173.59,171.1,174.03,171.1,1.43%
12-14-10,171.14,171.71,171.85,170.58,-0.44%
12-13-10,171.89,171.74,172.28,170.97,-0.28%
12-12-10,172.37,171.91,172.37,171.91,0.32%
12-10-10,171.82,170.99,172.23,170.51,0.40%
12-09-10,171.14,171.44,171.97,170.6,-0.24%
12-08-10,171.55,170.33,172.37,170.33,0.85%
12-07-10,170.11,171.02,171.17,169.88,-0.65%
12-06-10,171.23,170.55,171.23,169.56,0.68%
12-05-10,170.08,170.2,170.65,170.08,-0.39%
12-03-10,170.75,172.36,172.56,170.35,-1.09%
12-02-10,172.64,172.44,173.55,171.2,0.03%
12-01-10,172.59,173.54,173.91,171.87,-0.67%
11-30-10,173.76,174.75,174.95,172.19,-0.70%
11-29-10,174.99,173.01,175,172.46,1.06%
11-28-10,173.16,173.24,173.24,172.74,-0.11%
11-26-10,173.34,171.74,175.25,170.85,0.93%
11-25-10,171.75,172.37,172.93,170.6,-0.45%
11-24-10,172.53,174.86,176.13,170.99,-1.56%
11-23-10,175.26,169.5,176.62,169.5,3.29%
11-22-10,169.67,170.35,170.69,169.11,0.12%
11-21-10,169.46,170.11,170.56,169.4,-0.61%
11-19-10,170.5,170.32,171.12,169.89,0.01%
11-18-10,170.49,171.58,172.25,170.21,-0.88%
11-17-10,172.01,170.17,172.8,170.17,0.98%
11-16-10,170.34,170.85,171.04,169.32,-0.33%
11-15-10,170.91,169.83,171.06,169.33,0.70%
11-14-10,169.71,169.87,170.03,169.71,-0.10%
11-12-10,169.88,167.52,170.02,167.52,1.25%
11-11-10,167.78,167.25,167.78,166.63,0.22%
11-10-10,167.41,167.63,168.35,166.97,-0.42%
11-09-10,168.12,166.83,168.26,166.25,0.65%
11-08-10,167.04,166.32,167.5,166.29,0.44%
11-07-10,166.31,166.73,166.73,166.31,-0.11%
11-05-10,166.49,166.11,166.7,165.7,0.15%
11-04-10,166.24,165.89,166.53,165.36,-0.02%
11-03-10,166.28,166.33,166.63,165.88,-0.09%
11-02-10,166.43,166.97,167.16,166.17,-0.44%
11-01-10,167.16,168.5,168.69,166.62,-0.24%
10-31-10,167.56,168.3,168.3,167.56,-0.60%
10-29-10,168.57,167.93,168.76,167.18,0.31%
10-28-10,168.05,169.15,170.47,167.72,-0.86%
10-27-10,169.51,168.56,170.05,167.79,0.34%
10-26-10,168.93,167.56,168.93,167.41,0.80%
10-25-10,167.59,169.09,169.14,167.2,-0.60%
10-24-10,168.6,168.85,168.85,168.25,-0.32%
10-22-10,169.14,169.66,170.81,168.56,-0.38%
10-21-10,169.79,168.66,170.15,168.19,0.62%
10-20-10,168.74,169.56,172.09,168.64,-0.56%
10-19-10,169.69,167.81,170.42,167.49,0.89%
10-18-10,168.19,167.2,168.93,167.11,0.26%
10-17-10,167.75,167.4,167.75,167.17,0.25%
10-15-10,167.33,166.87,168.16,166.87,0.04%
10-14-10,167.26,167.93,168.32,166.36,-0.43%
10-13-10,167.99,169.37,169.46,167.49,-0.89%
10-12-10,169.5,167.42,169.84,167.42,1.14%
10-11-10,167.59,167.97,168.45,166.36,0.39%
10-10-10,166.94,167.96,167.96,166.61,-0.68%
10-08-10,168.09,166.5,168.28,166.5,0.74%
10-07-10,166.85,166.4,167.95,166.35,-0.16%
10-06-10,167.12,167.64,168.09,166.84,-1.11%
10-05-10,168.99,167.7,172,167.7,0.74%
10-04-10,167.75,167.82,170.2,167.53,-0.69%
10-03-10,168.91,168.66,168.91,168.5,-0.09%
10-01-10,169.06,169.88,170.4,168.85,-0.78%
09-30-10,170.39,170.36,170.92,170.21,0.00%
09-29-10,170.39,171.2,172.42,170.18,-0.49%
09-28-10,171.23,171.3,171.99,171.05,-0.06%
09-27-10,171.33,172.15,172.24,170.79,-0.61%
09-26-10,172.37,172.15,172.37,172.09,0.04%
09-24-10,172.31,172.05,172.95,171.76,0.37%
09-23-10,171.68,171.4,171.74,171.4,0.07%
09-22-10,171.56,172.89,173.18,171.4,-0.86%
09-21-10,173.04,172.86,173.28,172.85,-0.06%
09-20-10,173.15,172.52,173.5,172.34,0.26%
09-19-10,172.7,172.7,172.7,172.3,0.02%
09-17-10,172.66,172.76,173.72,172.33,-0.16%
09-16-10,172.93,171.86,173.56,171.86,0.52%
09-15-10,172.03,171.87,173.2,171.48,-0.01%
09-14-10,172.05,171.44,172.6,171.1,0.26%
09-13-10,171.6,171.99,172.31,171.06,-0.16%
09-12-10,171.88,172.86,172.86,171.88,-0.19%
09-10-10,172.21,172.03,172.55,171.73,0.03%
09-09-10,172.16,172.43,172.83,171.6,-0.21%
09-08-10,172.53,173.36,173.9,172.33,-0.53%
09-07-10,173.45,172.53,173.8,172.53,0.44%
09-06-10,172.69,172.44,172.82,171.69,0.06%
09-05-10,172.59,172.4,172.59,172.39,-0.01%
09-03-10,172.61,173.07,173.6,172.38,-0.42%
09-02-10,173.33,173.9,174.33,172.84,-0.33%
09-01-10,173.91,175.97,176.21,173.74,-1.25%
08-31-10,176.12,175.07,176.38,175.07,0.47%
08-30-10,175.29,175.81,176.03,174.3,-0.32%
08-29-10,175.85,176.03,176.32,175.85,-0.05%
08-27-10,175.94,175.03,177.38,175.03,0.45%
08-26-10,175.16,175.96,176.69,174.7,-0.51%
08-25-10,176.06,175.22,176.38,175.22,0.35%
08-24-10,175.45,173.79,175.63,173.79,0.91%
08-23-10,173.87,174.27,174.67,173.49,-0.25%
08-22-10,174.3,173.98,174.3,173.98,-0.04%
08-20-10,174.38,172.63,174.45,172.63,0.93%
08-19-10,172.77,172.89,173.45,172.22,-0.06%
08-18-10,172.88,173.16,173.52,172.26,-0.16%
08-17-10,173.16,174.48,174.51,172.87,-0.76%
08-16-10,174.49,174.19,176.65,174.15,0.24%
08-15-10,174.07,174.35,174.35,174.07,-0.07%
08-13-10,174.19,174.74,175.72,173.98,-0.39%
08-12-10,174.88,174.49,177.29,174.49,0.19%
08-11-10,174.55,172.57,174.83,172.57,1.14%
08-10-10,172.58,171.42,172.84,171.39,0.64%
08-09-10,171.49,171.53,171.88,170.7,-0.10%
08-08-10,171.66,171.6,171.66,171.41,0.03%
08-06-10,171.61,172.19,172.8,171.42,-0.45%
08-05-10,172.38,172.34,172.96,171.87,0.00%
08-04-10,172.38,172.33,173.06,172.14,-0.05%
08-03-10,172.47,173.08,173.24,171.22,-0.44%
08-02-10,173.23,174.48,174.63,172.9,-0.75%
08-01-10,174.54,174.94,174.94,174.54,-0.03%
07-30-10,174.6,174.93,175.5,174.39,-0.27%
07-29-10,175.07,174.84,175.87,174.64,0.06%
07-28-10,174.97,174.38,175.5,174.37,0.26%
07-27-10,174.51,175.68,175.83,174.05,-0.68%
07-26-10,175.71,176.84,176.87,175.47,-0.86%
07-25-10,177.23,176.17,177.62,176.17,0.23%
07-23-10,176.81,177.46,177.52,175.97,-0.44%
07-22-10,177.59,177.6,178.56,177.41,-0.07%
07-21-10,177.72,177.99,178.12,176.59,-0.22%
07-20-10,178.12,179.08,179.84,177.75,-0.52%
07-19-10,179.05,177.52,180.03,177.52,0.76%
07-18-10,177.7,177.53,178.07,177.53,0.04%
07-16-10,177.63,177.28,178,176.42,0.12%
07-15-10,177.42,176.91,178.55,176.91,-0.10%
07-14-10,177.59,179.01,179.16,175.97,-0.85%
07-13-10,179.11,177.71,179.35,176.49,0.70%
07-12-10,177.87,176.82,177.89,175.98,0.61%
07-11-10,176.78,176.88,177.02,176.78,-0.05%
07-09-10,176.88,177.81,177.94,176.22,-0.86%
07-08-10,178.41,180.17,180.32,178.23,-0.99%
07-07-10,180.2,180.25,180.97,178.91,-0.06%
07-06-10,180.3,180.53,182.12,180.17,-0.14%
07-05-10,180.55,181.31,181.91,179.98,-0.06%
07-04-10,180.67,181.67,181.67,180.67,-0.52%
07-02-10,181.61,179.89,181.7,179.45,0.29%
07-01-10,181.09,180.76,182.81,180.33,0.39%
06-30-10,180.38,179.04,182.98,179.04,0.69%
06-29-10,179.15,176.84,179.57,176.6,1.14%
06-28-10,177.13,178.93,179.09,175.95,-0.57%
06-27-10,178.15,178.32,178.38,178.15,-0.47%
06-25-10,179,174.78,179.47,174.78,2.36%
06-24-10,174.87,174.29,174.95,173.59,0.28%
06-23-10,174.39,173.7,175.48,173.53,0.35%
06-22-10,173.78,173.02,175.06,172.59,0.35%
06-21-10,173.18,176.15,176.32,171.46,-1.55%
06-20-10,175.91,176.54,176.54,175.2,-0.48%
06-18-10,176.75,177.54,178.2,175.8,-0.48%
06-17-10,177.6,177.25,178.45,177.03,0.17%
06-16-10,177.29,176.3,177.67,176.3,0.12%
06-15-10,177.08,178.04,180.03,176.89,-0.92%
06-14-10,178.73,180.01,180.93,178.63,-1.25%
06-13-10,180.99,181.88,181.88,180.61,-0.77%
06-11-10,182.39,183,183.11,180.06,-0.40%
06-10-10,183.13,182.66,186.23,182.27,0.21%
06-09-10,182.74,180.68,183.26,180.07,1.17%
06-08-10,180.62,180.88,181.6,179.67,-0.12%
06-07-10,180.84,175.94,182.06,175.94,3.04%
06-06-10,175.51,176.45,176.45,175.3,-0.27%
06-04-10,175.98,175.51,177.21,175.2,0.22%
06-03-10,175.59,178.03,178.19,175.26,-1.46%
06-02-10,178.19,178.03,178.19,177.95,0.03%
06-01-10,178.14,176.06,178.25,175.44,1.16%
05-31-10,176.1,174.88,177.53,174.88,0.02%
05-30-10,176.06,176.35,176.46,176.06,0.64%
05-28-10,174.94,179.04,179.12,174.35,-2.38%
05-27-10,179.21,183.5,183.67,178.13,-2.36%
05-26-10,183.55,182.93,184.6,181.42,0.19%
05-25-10,183.2,177.74,187.22,177.74,2.99%
05-24-10,177.88,174.72,178.86,174.72,1.64%
05-23-10,175,174.96,175,174.96,0.05%
05-21-10,174.92,174.79,174.99,174.75,0.01%
05-20-10,174.91,170.47,175.34,170.47,2.51%
05-19-10,170.62,167.85,171.16,167.85,1.60%
05-18-10,167.93,168.8,168.99,167.67,-0.58%
05-17-10,168.91,165.52,169.58,165.52,1.84%
05-16-10,165.86,165.92,166.26,165.86,0.11%
05-14-10,165.67,165.48,166.78,165.07,0.08%
05-13-10,165.53,166.11,166.3,164.97,-1.21%
05-12-10,167.56,166.09,167.81,165.46,0.84%
05-11-10,166.17,165.79,166.58,164.63,0.21%
05-10-10,165.83,169.27,169.31,165.08,-0.88%
05-09-10,167.3,168.77,169.1,166.28,-1.17%
05-07-10,169.28,167.12,171.33,167.12,1.27%
05-06-10,167.16,163.33,167.6,163.33,2.29%
05-05-10,163.42,163.33,163.42,163.29,0.01%
05-04-10,163.41,163.86,163.95,162.76,-0.29%
05-03-10,163.89,162.46,164.14,162.3,3.16%
05-02-10,158.86,162.47,162.47,158.54,-2.19%
04-30-10,162.42,163.31,163.39,162.15,-0.56%
04-29-10,163.34,163.8,163.82,163.2,-0.38%
04-28-10,163.96,162.62,164.6,162.62,0.78%
04-27-10,162.69,161.69,163.26,161.54,0.56%
04-26-10,161.78,162.13,162.22,161.47,-0.43%
04-25-10,162.47,162.3,162.8,162.3,0.03%
04-23-10,162.43,162.3,162.92,162.25,0.04%
04-22-10,162.37,162.25,163.04,162.15,0.07%
04-21-10,162.25,163.76,163.78,162.12,-0.92%
04-20-10,163.75,163.79,163.85,163.12,-0.05%
04-19-10,163.83,162.62,163.94,162.62,2.53%
04-18-10,159.78,162.46,162.46,159.78,-1.79%
04-16-10,162.7,162.47,163.53,162.28,0.23%
04-15-10,162.32,162.77,162.92,162.15,-0.34%
04-14-10,162.88,164.64,164.73,162.68,-1.08%
04-13-10,164.66,163.29,164.91,163.17,0.75%
04-12-10,163.44,163.69,163.8,162.83,1.30%
04-11-10,161.34,163.41,163.45,161.34,-1.49%
04-09-10,163.78,164.55,164.64,163.67,-0.52%
04-08-10,164.63,164.36,164.88,164.2,0.24%
04-07-10,164.24,164.36,164.62,164.06,-0.31%
04-06-10,164.75,164.37,164.81,164.23,0.14%
04-05-10,164.52,164.95,165.28,164.28,-0.91%
04-04-10,166.04,164.91,166.04,164.91,0.65%
04-02-10,164.96,164.99,165,164.3,-0.02%
04-01-10,165,165.8,165.81,164.84,-0.46%
03-31-10,165.76,165.65,166.27,165.53,-0.02%
03-30-10,165.8,166.26,166.4,165.22,-0.32%
03-29-10,166.33,166.68,167.32,166.09,0.41%
03-28-10,165.64,166.54,166.54,165.28,-0.72%
03-26-10,166.84,167.27,167.76,166.62,-0.30%
03-25-10,167.35,166.54,167.53,166.54,0.39%
03-24-10,166.7,166.41,166.86,166.07,0.08%
03-23-10,166.56,166.29,166.59,165.49,0.12%
03-22-10,166.36,166.06,166.74,166.06,0.00%
03-21-10,166.35,166.13,166.35,166.13,0.18%
03-19-10,166.06,166.21,166.25,165.51,0.16%
03-18-10,165.79,165.17,166.13,165.01,0.34%
03-17-10,165.22,166.08,166.27,165.07,-0.59%
03-16-10,166.2,166.04,166.39,165.48,-0.02%
03-15-10,166.23,165.31,166.56,164.94,0.63%
03-14-10,165.18,165.26,165.34,165.18,-0.14%
03-12-10,165.41,165.76,166.13,164.94,-0.26%
03-11-10,165.84,165.45,166.62,164.95,0.21%
03-10-10,165.49,166.01,166.41,165.12,-0.43%
03-09-10,166.2,165.69,166.52,165.5,0.18%
03-08-10,165.9,166.11,166.55,165.69,-0.32%
03-07-10,166.43,166.53,166.53,166.31,-0.38%
03-05-10,167.07,167.43,167.87,165.81,-0.48%
03-04-10,167.88,167.23,168.09,167.12,0.32%
03-03-10,167.34,168.24,168.35,167.16,-0.23%
03-02-10,167.73,168.9,169.17,167.58,-0.78%
03-01-10,169.05,169.49,170.05,168.9,-0.13%
02-28-10,169.28,170.32,170.32,169.28,-0.39%
02-26-10,169.94,170.39,170.81,169.52,-0.61%
02-25-10,170.98,168.92,171.26,168.43,0.91%
02-24-10,169.44,169.14,169.85,168.19,-0.11%
02-23-10,169.63,168.19,169.63,167.7,0.75%
02-22-10,168.37,168.39,168.84,167.54,0.10%
02-21-10,168.2,167.99,199,167.99,-0.22%
02-19-10,168.57,167.74,170.15,167.74,0.41%
02-18-10,167.89,167.32,168.77,166.78,0.02%
02-17-10,167.86,167.69,167.86,166.8,0.00%
02-16-10,167.86,167.73,169.35,167.69,-0.02%
02-15-10,167.89,167.73,167.89,167.73,-0.47%
02-14-10,168.68,198.87,199.14,168.64,0.01%
02-12-10,168.66,168.58,169.59,168.26,-0.31%
02-11-10,169.19,170.01,170.37,168.52,-0.58%
02-10-10,170.17,169.38,170.32,169.01,0.41%
02-09-10,169.47,171.58,172.08,169.23,-1.29%
02-08-10,171.68,170.92,172.25,170.92,0.48%
02-07-10,170.86,170.74,170.99,170.59,-0.28%
02-05-10,171.33,167.8,172.51,167.8,2.01%
02-04-10,167.96,168.09,169.47,167.8,-0.18%
02-03-10,168.26,169.76,169.87,167.55,-0.97%
02-02-10,169.9,170.66,170.82,169.24,-0.54%
02-01-10,170.83,169.81,172.16,169.73,-0.23%
01-31-10,171.23,171.45,171.46,171.23,0.86%
01-29-10,169.76,168.74,170.17,168.34,1.00%
01-28-10,168.08,169.91,170.5,167.94,-1.32%
01-27-10,170.33,169.84,171.03,169.12,0.19%
01-26-10,170,167.87,170.94,167.26,1.18%
01-25-10,168.01,168.49,169.02,167.72,-0.60%
01-24-10,169.03,169.09,169.1,168.82,0.00%
01-22-10,169.03,167.43,169.31,167.34,0.78%
01-21-10,167.72,167.03,167.72,166.2,0.06%
01-20-10,167.62,165.39,167.62,164.91,1.26%
01-19-10,165.54,164.57,165.58,164.2,0.49%
01-18-10,164.74,164.13,165.38,164.13,0.02%
01-17-10,164.71,164.82,164.92,164.66,0.09%
01-15-10,164.56,164.41,164.82,164.1,0.04%
01-14-10,164.5,164.28,164.62,163.7,0.04%
01-13-10,164.43,164.01,165.6,163.72,0.16%
01-12-10,164.16,163.95,165.13,163.61,0.01%
01-11-10,164.14,164.65,164.81,163.32,0.10%
01-10-10,163.98,164.49,164.65,163.89,-0.77%
01-08-10,165.25,166.21,166.63,165.15,-0.86%
01-07-10,166.69,165.21,166.69,165.02,0.79%
01-06-10,165.38,166.85,167.69,165.21,-0.89%
01-05-10,166.87,168.39,168.61,166.28,-0.92%
01-04-10,168.42,170.34,170.51,168.14,-1.95%
01-03-10,171.76,171.96,171.96,171.53,0.56%
01-01-10,170.81,170.42,170.81,170.42,0.00%
